council,suburb,Adults - Obesity Rate
Melbourne,MELBOURNE,15.3
Melbourne,MELBOURNE,15.3
Melbourne,EAST MELBOURNE,15.3
Melbourne,WEST MELBOURNE,15.3
Melbourne,MELBOURNE,15.3
Melbourne,ST KILDA ROAD CENTRAL,15.3
Melbourne,ST KILDA ROAD MELBOURNE,15.3
Melbourne,WORLD TRADE CENTRE,15.3
Port Phillip,SOUTH WHARF,17.4
Port Phillip,SOUTHBANK,17.4
Melbourne,DOCKLANDS,15.3
Melbourne,UNIVERSITY OF MELBOURNE,15.3
Maribyrnong,FOOTSCRAY,21.9
Maribyrnong,SEDDON,21.9
Maribyrnong,SEDDON WEST,21.9
Brimbank,BROOKLYN,27.4
Brimbank,KINGSVILLE,27.4
Brimbank,KINGSVILLE WEST,27.4
Brimbank,MAIDSTONE,27.4
Brimbank,TOTTENHAM,27.4
Brimbank,WEST FOOTSCRAY,27.4
Maribyrnong,YARRAVILLE,21.9
Maribyrnong,YARRAVILLE WEST,21.9
Hobsons Bay,NEWPORT,24.9
Hobsons Bay,SOUTH KINGSVILLE,24.9
Hobsons Bay,SPOTSWOOD,24.9
Hobsons Bay,WILLIAMSTOWN,24.9
Hobsons Bay,WILLIAMSTOWN NORTH,24.9
Hobsons Bay,ALTONA,24.9
Hobsons Bay,SEAHOLME,24.9
Maribyrnong,BRAYBROOK,21.9
Maribyrnong,BRAYBROOK NORTH,21.9
Maribyrnong,ROBINSON,21.9
Brimbank,ALBION,27.4
Brimbank,GLENGALA,27.4
Brimbank,SUNSHINE,27.4
Brimbank,SUNSHINE NORTH,27.4
Brimbank,SUNSHINE WEST,27.4
Brimbank,ALBANVALE,27.4
Brimbank,KEALBA,27.4
Brimbank,KINGS PARK,27.4
Brimbank,ST ALBANS,27.4
Brimbank,ARDEER,27.4
Brimbank,DEER PARK EAST,27.4
Brimbank,BURNSIDE,27.4
Brimbank,BURNSIDE HEIGHTS,27.4
Brimbank,CAIRNLEA,27.4
Brimbank,CAROLINE SPRINGS,27.4
Brimbank,DEER PARK,27.4
Brimbank,DEER PARK NORTH,27.4
Brimbank,RAVENHALL,27.4
Melton,FIELDSTONE,35.6
Melton,MAMBOURIN,35.6
Melton,MANOR LAKES,35.6
Melton,MOUNT COTTRELL,35.6
Melton,WYNDHAM VALE,35.6
Hobsons Bay,ALTONA EAST,24.9
Hobsons Bay,ALTONA GATE,24.9
Hobsons Bay,ALTONA NORTH,24.9
Wyndham,DERRIMUT,31.5
Wyndham,LAVERTON NORTH,31.5
Wyndham,LAVERTON RAAF,31.5
Wyndham,WILLIAMS LANDING,31.5
Wyndham,WILLIAMS RAAF,31.5
Wyndham,ALTONA MEADOWS,31.5
Wyndham,LAVERTON,31.5
Wyndham,SEABROOK,31.5
Melton,HOPPERS CROSSING,35.6
Melton,TARNEIT,35.6
Melton,TRUGANINA,35.6
Wyndham,CHARTWELL,31.5
Wyndham,COCOROC,31.5
Wyndham,POINT COOK,31.5
Wyndham,QUANDONG,31.5
Wyndham,WERRIBEE,31.5
Wyndham,WERRIBEE SOUTH,31.5
Moonee Valley,FLEMINGTON,24.4
Moonee Valley,KENSINGTON,24.4
Maribyrnong,ASCOT VALE,21.9
Maribyrnong,HIGHPOINT CITY,21.9
Maribyrnong,MARIBYRNONG,21.9
Maribyrnong,TRAVANCORE,21.9
Brimbank,KEILOR EAST,27.4
Moonee Valley,AVONDALE HEIGHTS,24.4
Hume,KEILOR,33.3
Hume,KEILOR NORTH,33.3
Brimbank,CALDER PARK,27.4
Brimbank,DELAHEY,27.4
Brimbank,HILLSIDE,27.4
Brimbank,PLUMPTON,27.4
Brimbank,SYDENHAM,27.4
Brimbank,TAYLORS HILL,27.4
Brimbank,KEILOR DOWNS,27.4
Brimbank,KEILOR LODGE,27.4
Brimbank,TAYLORS LAKES,27.4
Brimbank,WATERGARDENS,27.4
Moonee Valley,MOONEE PONDS,24.4
Moonee Valley,ABERFELDIE,24.4
Moonee Valley,ESSENDON,24.4
Moonee Valley,ESSENDON WEST,24.4
Moonee Valley,CROSS KEYS,24.4
Moonee Valley,ESSENDON FIELDS,24.4
Moonee Valley,ESSENDON NORTH,24.4
Moonee Valley,STRATHMORE,24.4
Moonee Valley,STRATHMORE HEIGHTS,24.4
Brimbank,AIRPORT WEST,27.4
Brimbank,KEILOR PARK,27.4
Brimbank,NIDDRIE,27.4
Brimbank,NIDDRIE NORTH,27.4
Brimbank,GLADSTONE PARK,27.4
Brimbank,GOWANBRAE,27.4
Brimbank,TULLAMARINE,27.4
Moreland,PASCOE VALE,24.2
Moreland,PASCOE VALE SOUTH,24.2
Hume,MELBOURNE AIRPORT,33.3
Moreland,GLENROY,24.2
Moreland,HADFIELD,24.2
Moreland,OAK PARK,24.2
Hume,BROADMEADOWS,33.3
Hume,DALLAS,33.3
Hume,JACANA,33.3
Hume,COOLAROO,33.3
Hume,MEADOW HEIGHTS,33.3
Hume,ATTWOOD,33.3
Hume,WESTMEADOWS,33.3
Melbourne,ROYAL MELBOURNE HOSPITAL,15.3
Melbourne,HOTHAM HILL,15.3
Melbourne,NORTH MELBOURNE,15.3
Moreland,MELBOURNE UNIVERSITY,24.2
Moreland,PARKVILLE,24.2
Melbourne,CARLTON,15.3
Melbourne,CARLTON SOUTH,15.3
Moreland,CARLTON NORTH,24.2
Moreland,PRINCES HILL,24.2
Moreland,BRUNSWICK SOUTH,24.2
Moreland,BRUNSWICK WEST,24.2
Moreland,MOONEE VALE,24.2
Moreland,MORELAND WEST,24.2
Moreland,BRUNSWICK,24.2
Moreland,BRUNSWICK LOWER,24.2
Moreland,BRUNSWICK NORTH,24.2
Moreland,BRUNSWICK EAST,24.2
Moreland,LYGON STREET NORTH,24.2
Moreland,SUMNER,24.2
Darebin,BATMAN,23.9
Darebin,COBURG,23.9
Darebin,COBURG NORTH,23.9
Darebin,MERLYNSTON,23.9
Darebin,MORELAND,23.9
Hume,GREENVALE,33.3
Hume,FAWKNER,33.3
Hume,FAWKNER EAST,33.3
Hume,FAWKNER NORTH,33.3
Hume,CAMPBELLFIELD,33.3
Hume,SOMERTON,33.3
Hume,OAKLANDS JUNCTION,33.3
Hume,YUROKE,33.3
Whittlesea,CRAIGIEBURN,30.8
Whittlesea,DONNYBROOK,30.8
Whittlesea,KALKALLO,30.8
Whittlesea,MICKLEHAM,30.8
Whittlesea,ROXBURGH PARK,30.8
Yarra,FITZROY,16.3
Yarra,COLLINGWOOD,16.3
Yarra,COLLINGWOOD NORTH,16.3
Yarra,ABBOTSFORD,16.3
Moreland,CLIFTON HILL,24.2
Moreland,FITZROY NORTH,24.2
Moreland,NORTHCOTE,24.2
Moreland,NORTHCOTE SOUTH,24.2
Darebin,THORNBURY,23.9
Darebin,GILBERTON,23.9
Darebin,NORTHLAND CENTRE,23.9
Darebin,PRESTON,23.9
Darebin,PRESTON LOWER,23.9
Darebin,PRESTON SOUTH,23.9
Darebin,PRESTON WEST,23.9
Darebin,REGENT WEST,23.9
Darebin,SYLVESTER,23.9
Darebin,KEON PARK,23.9
Darebin,RESERVOIR,23.9
Darebin,RESERVOIR EAST,23.9
Darebin,RESERVOIR NORTH,23.9
Darebin,RESERVOIR SOUTH,23.9
Whittlesea,THOMASTOWN,30.8
Whittlesea,LALOR,30.8
Whittlesea,LALOR PLAZA,30.8
Whittlesea,EPPING,30.8
Whittlesea,EPPING DC,30.8
Yarra,ALPHINGTON,16.3
Yarra,FAIRFIELD,16.3
Banyule,IVANHOE,22.9
Banyule,IVANHOE EAST,22.9
Banyule,IVANHOE NORTH,22.9
Banyule,BELLFIELD,22.9
Banyule,HEIDELBERG HEIGHTS,22.9
Banyule,HEIDELBERG RGH,22.9
Banyule,HEIDELBERG WEST,22.9
Whittlesea,MILL PARK,30.8
Darebin,BUNDOORA,23.9
Darebin,KINGSBURY,23.9
Darebin,LA TROBE UNIVERSITY,23.9
Banyule,BANYULE,22.9
Banyule,EAGLEMONT,22.9
Banyule,HEIDELBERG,22.9
Banyule,ROSANNA,22.9
Banyule,VIEWBANK,22.9
Darebin,MACLEOD,23.9
Darebin,MACLEOD WEST,23.9
Darebin,YALLAMBIE,23.9
Darebin,LA TROBE UNIVERSITY,23.9
Banyule,WATSONIA,22.9
Banyule,WATSONIA NORTH,22.9
Nillumbik,BRIAR HILL,22.8
Nillumbik,GREENSBOROUGH,22.8
Nillumbik,SAINT HELENA,22.8
Nillumbik,ST HELENA,22.8
Nillumbik,DIAMOND CREEK,22.8
Nillumbik,PLENTY,22.8
Nillumbik,YARRAMBAT,22.8
Banyule,LOWER PLENTY,22.9
Banyule,MONTMORENCY,22.9
Banyule,ELTHAM,22.9
Banyule,ELTHAM NORTH,22.9
Banyule,RESEARCH,22.9
Nillumbik,WATTLE GLEN,22.8
Nillumbik,BEND OF ISLANDS,22.8
Nillumbik,KANGAROO GROUND,22.8
Nillumbik,WATSONS CREEK,22.8
Nillumbik,ARTHURS CREEK,22.8
Nillumbik,COTTLES BRIDGE,22.8
Nillumbik,HURSTBRIDGE,22.8
Nillumbik,NUTFIELD,22.8
Nillumbik,STRATHEWEN,22.8
Boroondara,COTHAM,14.5
Boroondara,KEW,14.5
Boroondara,KEW EAST,14.5
Boroondara,BALWYN,14.5
Boroondara,BALWYN EAST,14.5
Boroondara,DEEPDENE,14.5
Boroondara,DEEPDENE DC,14.5
Boroondara,STRADBROKE PARK,14.5
Whitehorse,BALWYN NORTH,19.5
Whitehorse,GREYTHORN,19.5
Manningham,BULLEEN,19.1
Manningham,BULLEEN SOUTH,19.1
Manningham,TEMPLESTOWE,19.1
Manningham,TEMPLESTOWE LOWER,19.1
Manningham,DONCASTER,19.1
Manningham,DONCASTER EAST,19.1
Manningham,DONCASTER HEIGHTS,19.1
Manningham,THE PINES,19.1
Manningham,TUNSTALL SQUARE PO,19.1
Manningham,DONVALE,19.1
Nillumbik,NORTH WARRANDYTE,22.8
Nillumbik,WARRANDYTE,22.8
Maroondah,PARK ORCHARDS,26.3
Maroondah,WONGA PARK,26.3
Yarra Ranges,CHIRNSIDE PARK,27.1
Yarra,BURNLEY,16.3
Yarra,BURNLEY NORTH,16.3
Yarra,CREMORNE,16.3
Yarra,RICHMOND,16.3
Yarra,RICHMOND EAST,16.3
Yarra,RICHMOND NORTH,16.3
Yarra,RICHMOND SOUTH,16.3
Yarra,VICTORIA GARDENS,16.3
Boroondara,AUBURN SOUTH,14.5
Boroondara,GLENFERRIE SOUTH,14.5
Boroondara,HAWTHORN,14.5
Boroondara,HAWTHORN NORTH,14.5
Boroondara,HAWTHORN WEST,14.5
Boroondara,AUBURN,14.5
Boroondara,HAWTHORN EAST,14.5
Boroondara,CAMBERWELL,14.5
Boroondara,CAMBERWELL NORTH,14.5
Boroondara,CAMBERWELL SOUTH,14.5
Boroondara,CAMBERWELL WEST,14.5
Boroondara,HARTWELL,14.5
Boroondara,MIDDLE CAMBERWELL,14.5
Monash,BENNETTSWOOD,19.7
Monash,BURWOOD,19.7
Monash,SURREY HILLS SOUTH,19.7
Boroondara,CAMBERWELL EAST,14.5
Boroondara,CANTERBURY,14.5
Boroondara,MONT ALBERT,14.5
Boroondara,SURREY HILLS,14.5
Boroondara,SURREY HILLS NORTH,14.5
Whitehorse,BOX HILL,19.5
Whitehorse,BOX HILL CENTRAL,19.5
Whitehorse,BOX HILL SOUTH,19.5
Whitehorse,HOUSTON,19.5
Whitehorse,WATTLE PARK,19.5
Whitehorse,BOX HILL NORTH,19.5
Whitehorse,KERRIMUIR,19.5
Whitehorse,MONT ALBERT NORTH,19.5
Whitehorse,BLACKBURN,19.5
Whitehorse,BLACKBURN NORTH,19.5
Whitehorse,BLACKBURN SOUTH,19.5
Whitehorse,LABURNUM,19.5
Manningham,BRENTFORD SQUARE,19.1
Manningham,FOREST HILL,19.1
Manningham,NUNAWADING,19.1
Whitehorse,MITCHAM,19.5
Whitehorse,MITCHAM NORTH,19.5
Whitehorse,RANGEVIEW,19.5
Maroondah,VERMONT,26.3
Maroondah,VERMONT SOUTH,26.3
Manningham,HEATHWOOD,19.1
Manningham,RINGWOOD,19.1
Manningham,RINGWOOD NORTH,19.1
Manningham,WARRANDYTE SOUTH,19.1
Manningham,WARRANWOOD,19.1
Maroondah,BEDFORD ROAD,26.3
Maroondah,HEATHMONT,26.3
Maroondah,RINGWOOD EAST,26.3
Maroondah,CROYDON,26.3
Maroondah,CROYDON HILLS,26.3
Maroondah,CROYDON NORTH,26.3
Maroondah,CROYDON SOUTH,26.3
Maroondah,KILSYTH,26.3
Maroondah,KILSYTH SOUTH,26.3
Yarra Ranges,MOOROOLBARK,27.1
Cardinia,BEENAK,32.4
Cardinia,DON VALLEY,32.4
Cardinia,HODDLES CREEK,32.4
Cardinia,LAUNCHING PLACE,32.4
Cardinia,SEVILLE,32.4
Cardinia,SEVILLE EAST,32.4
Cardinia,WANDIN EAST,32.4
Cardinia,WANDIN NORTH,32.4
Cardinia,WOORI YALLOCK,32.4
Cardinia,YELLINGBO,32.4
Yarra Ranges,LILYDALE,27.1
Melbourne,CHAPEL STREET NORTH,15.3
Melbourne,DOMAIN ROAD PO,15.3
Melbourne,SOUTH YARRA,15.3
Stonnington,HAWKSBURN,15.5
Stonnington,TOORAK,15.5
Stonnington,ARMADALE,15.5
Stonnington,ARMADALE NORTH,15.5
Stonnington,KOOYONG,15.5
Stonnington,MALVERN,15.5
Stonnington,MALVERN NORTH,15.5
Glen Eira,CAULFIELD EAST,18.6
Glen Eira,CENTRAL PARK,18.6
Glen Eira,DARLING,18.6
Glen Eira,DARLING SOUTH,18.6
Glen Eira,MALVERN EAST,18.6
Glen Eira,WATTLETREE ROAD PO,18.6
Stonnington,GLEN IRIS,15.5
Stonnington,TOORONGA,15.5
Stonnington,ASHBURTON,15.5
Stonnington,ASHWOOD,15.5
Monash,CHADSTONE,19.7
Monash,CHADSTONE CENTRE,19.7
Monash,HOLMESGLEN,19.7
Monash,JORDANVILLE,19.7
Monash,MOUNT WAVERLEY,19.7
Monash,PINEWOOD,19.7
Monash,SYNDAL,19.7
Monash,BRANDON PARK,19.7
Monash,GLEN WAVERLEY,19.7
Monash,WHEELERS HILL,19.7
Whitehorse,BURWOOD EAST,19.5
Whitehorse,BURWOOD HEIGHTS,19.5
Knox,KNOX CITY CENTRE,24.5
Knox,STUDFIELD,24.5
Knox,WANTIRNA,24.5
Knox,WANTIRNA SOUTH,24.5
Maroondah,BAYSWATER,26.3
Maroondah,BAYSWATER NORTH,26.3
Knox,THE BASIN,24.5
Knox,BORONIA,24.5
Casey,FERNTREE GULLY,32.2
Casey,LYSTERFIELD,32.2
Casey,LYSTERFIELD SOUTH,32.2
Casey,MOUNTAIN GATE,32.2
Casey,UPPER FERNTREE GULLY,32.2
Yarra Ranges,UPWEY,27.1
Cardinia,MENZIES CREEK,32.4
Cardinia,SELBY,32.4
Yarra Ranges,BELGRAVE,27.1
Yarra Ranges,BELGRAVE HEIGHTS,27.1
Yarra Ranges,BELGRAVE SOUTH,27.1
Yarra Ranges,TECOMA,27.1
Glen Eira,CAULFIELD JUNCTION,18.6
Glen Eira,CAULFIELD NORTH,18.6
Glen Eira,CAULFIELD,18.6
Glen Eira,CAULFIELD SOUTH,18.6
Glen Eira,HOPETOUN GARDENS,18.6
Glen Eira,BOORAN ROAD PO,18.6
Glen Eira,CARNEGIE,18.6
Glen Eira,GLEN HUNTLY,18.6
Glen Eira,MURRUMBEENA,18.6
Greater Dandenong,DANDENONG SOUTH,26.3
Glen Eira,BENTLEIGH EAST,18.6
Glen Eira,COATESVILLE,18.6
Monash,HUGHESDALE,19.7
Monash,HUNTINGDALE,19.7
Monash,OAKLEIGH,19.7
Monash,OAKLEIGH EAST,19.7
Kingston,OAKLEIGH SOUTH,24.8
Monash,CLAYTON,19.7
Monash,NOTTING HILL,19.7
Kingston,CLARINDA,24.8
Kingston,CLAYTON SOUTH,24.8
Monash,MULGRAVE,19.7
Monash,WAVERLEY GARDENS,19.7
Greater Dandenong,SANDOWN VILLAGE,26.3
Greater Dandenong,SPRINGVALE,26.3
Kingston,DINGLEY VILLAGE,24.8
Kingston,SPRINGVALE SOUTH,24.8
Greater Dandenong,KEYSBOROUGH,26.3
Greater Dandenong,NOBLE PARK,26.3
Greater Dandenong,NOBLE PARK EAST,26.3
Greater Dandenong,NOBLE PARK NORTH,26.3
Casey,BANGHOLME,32.2
Casey,DANDENONG,32.2
Casey,DANDENONG EAST,32.2
Casey,DANDENONG NORTH,32.2
Casey,DANDENONG SOUTH,32.2
Casey,DUNEARN,32.2
Knox,SCORESBY BC,24.5
Casey,DOVETON,32.2
Casey,EUMEMMERRING,32.2
Knox,ROWVILLE,24.5
Knox,SCORESBY,24.5
Knox,KNOXFIELD,24.5
Port Phillip,PRAHRAN,17.4
Port Phillip,PRAHRAN EAST,17.4
Port Phillip,WINDSOR,17.4
Port Phillip,ST KILDA,17.4
Port Phillip,ST KILDA SOUTH,17.4
Port Phillip,ST KILDA WEST,17.4
Glen Eira,BALACLAVA,18.6
Glen Eira,ST KILDA EAST,18.6
Port Phillip,BRIGHTON ROAD,17.4
Port Phillip,ELWOOD,17.4
Port Phillip,ELSTERNWICK,17.4
Port Phillip,GARDENVALE,17.4
Port Phillip,RIPPONLEA,17.4
Bayside,BRIGHTON,17.7
Bayside,BRIGHTON NORTH,17.7
Bayside,DENDY,17.7
Bayside,WERE STREET PO,17.7
Glen Eira,BRIGHTON EAST,18.6
Glen Eira,NORTH ROAD,18.6
Bayside,HAMPTON,17.7
Bayside,HAMPTON EAST,17.7
Bayside,HAMPTON NORTH,17.7
Kingston,MOORABBIN,24.8
Kingston,MOORABBIN EAST,24.8
Kingston,WISHART,24.8
Kingston,HIGHETT,24.8
Bayside,SANDRINGHAM,17.7
Bayside,CHELTENHAM,17.7
Bayside,CHELTENHAM EAST,17.7
Bayside,CHELTENHAM NORTH,17.7
Bayside,SOUTHLAND CENTRE,17.7
Bayside,BEAUMARIS,17.7
Bayside,BLACK ROCK,17.7
Bayside,BLACK ROCK NORTH,17.7
Bayside,CROMER,17.7
Kingston,MENTONE,24.8
Kingston,MENTONE EAST,24.8
Kingston,MOORABBIN AIRPORT,24.8
Kingston,ASPENDALE,24.8
Kingston,ASPENDALE GARDENS,24.8
Kingston,BRAESIDE,24.8
Kingston,MORDIALLOC,24.8
Kingston,MORDIALLOC NORTH,24.8
Kingston,PARKDALE,24.8
Kingston,WATERWAYS,24.8
Kingston,BONBEACH,24.8
Kingston,CHELSEA,24.8
Kingston,CHELSEA HEIGHTS,24.8
Kingston,EDITHVALE,24.8
Kingston,CARRUM,24.8
Kingston,PATTERSON LAKES,24.8
Frankston,BELVEDERE PARK,30.8
Frankston,SEAFORD,30.8
Frankston,FRANKSTON,30.8
Frankston,FRANKSTON EAST,30.8
Frankston,FRANKSTON HEIGHTS,30.8
Frankston,FRANKSTON SOUTH,30.8
Frankston,KARINGAL,30.8
Frankston,KARINGAL CENTRE,30.8
Frankston,FRANKSTON NORTH,30.8
Frankston,PINES FOREST,30.8
Frankston,CARRUM DOWNS,30.8
Kingston,HEATHERTON,24.8
Glen Eira,BENTLEIGH,18.6
Glen Eira,MCKINNON,18.6
Glen Eira,ORMOND,18.6
Glen Eira,PATTERSON,18.6
Port Phillip,SOUTH MELBOURNE,17.4
Port Phillip,SOUTH MELBOURNE DC,17.4
Port Phillip,ALBERT PARK,17.4
Port Phillip,MIDDLE PARK,17.4
Melbourne,GARDEN CITY,15.3
Melbourne,PORT MELBOURNE,15.3
Greater Geelong,LITTLE RIVER,29.2
Greater Geelong,AVALON,29.2
Greater Geelong,LARA,29.2
Greater Geelong,POINT WILSON,29.2
Golden Plains,ANAKIE,35.4
Golden Plains,BATESFORD,35.4
Golden Plains,LOVELY BANKS,35.4
Golden Plains,MOORABOOL,35.4
Greater Geelong,CORIO,29.2
Greater Geelong,NORLANE,29.2
Greater Geelong,NORTH SHORE,29.2
Greater Geelong,BELL PARK,29.2
Greater Geelong,BELL POST HILL,29.2
Greater Geelong,DRUMCONDRA,29.2
Greater Geelong,GEELONG NORTH,29.2
Greater Geelong,HAMLYN HEIGHTS,29.2
Greater Geelong,NORTH GEELONG,29.2
Greater Geelong,RIPPLESIDE,29.2
Greater Geelong,BELMONT,29.2
Greater Geelong,FRESHWATER CREEK,29.2
Greater Geelong,GROVEDALE,29.2
Greater Geelong,GROVEDALE EAST,29.2
Greater Geelong,HIGHTON,29.2
Greater Geelong,MARSHALL,29.2
Greater Geelong,MOUNT DUNEED,29.2
Greater Geelong,WANDANA HEIGHTS,29.2
Greater Geelong,WAURN PONDS,29.2
Surf Coast,ARMSTRONG CREEK,27.3
Surf Coast,CHARLEMONT,27.3
Surf Coast,DEAKIN UNIVERSITY,27.3
Surf Coast,FRESHWATER CREEK,27.3
Surf Coast,MOUNT DUNEED,27.3
Golden Plains,FYANSFORD,35.4
Golden Plains,GEELONG WEST,35.4
Golden Plains,HERNE HILL,35.4
Golden Plains,MANIFOLD HEIGHTS,35.4
Golden Plains,MURGHEBOLUC,35.4
Golden Plains,STONEHAVEN,35.4
Greater Geelong,BREAKWATER,29.2
Greater Geelong,EAST GEELONG,29.2
Greater Geelong,NEWCOMB,29.2
Greater Geelong,ST ALBANS PARK,29.2
Greater Geelong,THOMSON,29.2
Greater Geelong,WHITTINGTON,29.2
Greater Geelong,BAREENA,29.2
Greater Geelong,GEELONG,29.2
Greater Geelong,NEWTOWN,29.2
Greater Geelong,SOUTH GEELONG,29.2
Greater Geelong,ANAKIE,29.2
Greater Geelong,BARRABOOL,29.2
Greater Geelong,BATESFORD,29.2
Greater Geelong,BELLARINE,29.2
Greater Geelong,CERES,29.2
Greater Geelong,FYANSFORD,29.2
Greater Geelong,GEELONG MC,29.2
Greater Geelong,GNARWARRE,29.2
Greater Geelong,GREY RIVER,29.2
Greater Geelong,KENNETT RIVER,29.2
Greater Geelong,LOVELY BANKS,29.2
Greater Geelong,MOOLAP,29.2
Greater Geelong,MOORABOOL,29.2
Greater Geelong,MURGHEBOLUC,29.2
Greater Geelong,SEPARATION CREEK,29.2
Greater Geelong,STAUGHTON VALE,29.2
Greater Geelong,STONEHAVEN,29.2
Greater Geelong,SUGARLOAF,29.2
Greater Geelong,WALLINGTON,29.2
Greater Geelong,WONGARRA,29.2
Greater Geelong,WYE RIVER,29.2
Greater Geelong,CLIFTON SPRINGS,29.2
Greater Geelong,CURLEWIS,29.2
Greater Geelong,DRYSDALE,29.2
Greater Geelong,MANNERIM,29.2
Greater Geelong,MARCUS HILL,29.2
Greater Geelong,WALLINGTON,29.2
Greater Geelong,BELLARINE,29.2
Greater Geelong,INDENTED HEAD,29.2
Greater Geelong,PORTARLINGTON,29.2
Greater Geelong,ST LEONARDS,29.2
Greater Geelong,LEOPOLD,29.2
Greater Geelong,MOOLAP,29.2
Greater Geelong,POINT LONSDALE,29.2
Greater Geelong,QUEENSCLIFF,29.2
Greater Geelong,SWAN BAY,29.2
Greater Geelong,SWAN ISLAND,29.2
Greater Geelong,OCEAN GROVE,29.2
Surf Coast,BARWON HEADS,27.3
Surf Coast,BREAMLEA,27.3
Surf Coast,CONNEWARRE,27.3
Surf Coast,BELLBRAE,27.3
Surf Coast,BELLS BEACH,27.3
Surf Coast,JAN JUC,27.3
Surf Coast,TORQUAY,27.3
Surf Coast,ANGLESEA,27.3
Surf Coast,AIREYS INLET,27.3
Surf Coast,BIG HILL,27.3
Surf Coast,EASTERN VIEW,27.3
Surf Coast,FAIRHAVEN,27.3
Surf Coast,MOGGS CREEK,27.3
Surf Coast,BIG HILL,27.3
Surf Coast,LORNE,27.3
Colac Otway,APOLLO BAY,
Colac Otway,CAPE OTWAY,
Colac Otway,MARENGO,
Colac Otway,PETTICOAT CREEK,
Colac Otway,SKENES CREEK,
Colac Otway,SKENES CREEK NORTH,
Colac Otway,GREY RIVER,
Colac Otway,KENNETT RIVER,
Colac Otway,SEPARATION CREEK,
Colac Otway,SUGARLOAF,
Colac Otway,WONGARRA,
Colac Otway,WYE RIVER,
Colac Otway,BENWERRIN,
Colac Otway,BOONAH,
Colac Otway,DEANS MARSH,
Colac Otway,PENNYROYAL,
Colac Otway,FORREST,
Colac Otway,MOUNT SABINE,
Corangamite,AIRE VALLEY,33.3
Corangamite,BEECH FOREST,33.3
Corangamite,FERGUSON,33.3
Corangamite,GELLIBRAND LOWER,33.3
Corangamite,WATTLE HILL,33.3
Corangamite,WEEAPROINAH,33.3
Corangamite,WYELANGTA,33.3
Corangamite,YUULONG,33.3
Colac Otway,GLENAIRE,
Colac Otway,HORDERN VALE,
Colac Otway,JOHANNA,
Colac Otway,LAVERS HILL,
Corangamite,CARLISLE RIVER,33.3
Corangamite,CHAPPLE VALE,33.3
Corangamite,GELLIBRAND,33.3
Corangamite,KENNEDYS CREEK,33.3
Surf Coast,BUCKLEY,27.3
Surf Coast,GHERANG,27.3
Surf Coast,MODEWARRE,27.3
Surf Coast,MORIAC,27.3
Surf Coast,MOUNT MORIAC,27.3
Surf Coast,PARAPARAP,27.3
Colac Otway,BAMBRA,
Colac Otway,OMBERSLEY,
Colac Otway,WENSLEYDALE,
Colac Otway,WINCHELSEA,
Colac Otway,WINCHELSEA SOUTH,
Colac Otway,WURDIBOLUC,
Surf Coast,BIRREGURRA,27.3
Colac Otway,BARWON DOWNS,
Colac Otway,GERANGAMETE,
Colac Otway,MURROON,
Colac Otway,WARNCOORT,
Colac Otway,WHOOREL,
Corangamite,ALVIE,33.3
Corangamite,BALINTORE,33.3
Corangamite,BARONGAROOK,33.3
Corangamite,BARONGAROOK WEST,33.3
Corangamite,BARRAMUNGA,33.3
Corangamite,CORAGULAC,33.3
Corangamite,CORUNNUN,33.3
Corangamite,DREEITE,33.3
Corangamite,DREEITE SOUTH,33.3
Corangamite,GERANGAMETE,33.3
Corangamite,IRREWARRA,33.3
Corangamite,IRREWILLIPE,33.3
Corangamite,IRREWILLIPE EAST,33.3
Corangamite,KAWARREN,33.3
Corangamite,LARPENT,33.3
Corangamite,NALANGIL,33.3
Corangamite,ONDIT,33.3
Corangamite,PIRRON YALLOCK,33.3
Corangamite,POMBORNEIT EAST,33.3
Corangamite,SWAN MARSH,33.3
Corangamite,TANYBRYN,33.3
Corangamite,WARRION,33.3
Corangamite,WOOL WOOL,33.3
Corangamite,YEO,33.3
Corangamite,YEODENE,33.3
Colac Otway,COLAC,
Colac Otway,COLAC EAST,
Colac Otway,COLAC WEST,
Colac Otway,ELLIMINYT,
Corangamite,BEEAC,33.3
Corangamite,CUNDARE,33.3
Corangamite,CUNDARE NORTH,33.3
Corangamite,EURACK,33.3
Corangamite,WEERING,33.3
Colac Otway,COROROOKE,
Colac Otway,BOOKAAR,
Colac Otway,BOSTOCKS CREEK,
Colac Otway,BUNGADOR,
Colac Otway,CAMPERDOWN,
Colac Otway,CARPENDEIT,
Colac Otway,CHOCOLYN,
Colac Otway,GNOTUK,
Colac Otway,KARIAH,
Colac Otway,KOALLAH,
Colac Otway,LESLIE MANOR,
Colac Otway,POMBORNEIT,
Colac Otway,POMBORNEIT NORTH,
Colac Otway,SKIBO,
Colac Otway,SOUTH PURRUMBETE,
Colac Otway,STONYFORD,
Colac Otway,TANDAROOK,
Colac Otway,TESBURY,
Colac Otway,WEERITE,
Moyne,TERANG,34.3
Corangamite,BOORCAN,33.3
Corangamite,CUDGEE,33.3
Corangamite,DIXIE,33.3
Corangamite,ECKLIN SOUTH,33.3
Corangamite,ELLERSLIE,33.3
Corangamite,FRAMLINGHAM,33.3
Corangamite,FRAMLINGHAM EAST,33.3
Corangamite,GARVOC,33.3
Corangamite,GLENORMISTON,33.3
Corangamite,GLENORMISTON NORTH,33.3
Corangamite,GLENORMISTON SOUTH,33.3
Corangamite,KOLORA,33.3
Corangamite,LAANG,33.3
Corangamite,NOORAT,33.3
Corangamite,NOORAT EAST,33.3
Corangamite,PANMURE,33.3
Corangamite,TAROON,33.3
Corangamite,THE SISTERS,33.3
Colac Otway,BULLAHARRE,
Colac Otway,COBDEN,
Colac Otway,COBRICO,
Colac Otway,ELINGAMITE,
Colac Otway,ELINGAMITE NORTH,
Colac Otway,GLENFYNE,
Colac Otway,JANCOURT,
Colac Otway,JANCOURT EAST,
Colac Otway,NAROGHID,
Colac Otway,SIMPSON,
Corangamite,SCOTTS CREEK,33.3
Moyne,AYRFORD,34.3
Moyne,BRUCKNELL,34.3
Moyne,COORIEMUNGLE,34.3
Moyne,COWLEYS CREEK,34.3
Moyne,CURDIE VALE,34.3
Moyne,CURDIES RIVER,34.3
Moyne,CURDIEVALE,34.3
Moyne,HEYTESBURY LOWER,34.3
Moyne,NEWFIELD,34.3
Moyne,NIRRANDA,34.3
Moyne,NIRRANDA EAST,34.3
Moyne,NIRRANDA SOUTH,34.3
Moyne,NULLAWARRE,34.3
Moyne,NULLAWARRE EAST,34.3
Moyne,NULLAWARRE NORTH,34.3
Moyne,PAARATTE,34.3
Moyne,THE COVE,34.3
Moyne,TIMBOON,34.3
Moyne,TIMBOON WEST,34.3
Corangamite,PORT CAMPBELL,33.3
Corangamite,PRINCETOWN,33.3
Corangamite,WAARRE,33.3
Corangamite,PETERBOROUGH,33.3
Ararat,DARLINGTON,32.6
Ararat,DUNDONNELL,32.6
Ararat,PURA PURA,32.6
Ararat,MORTLAKE,32.6
Ararat,WOORNDOO,32.6
Moyne,HEXHAM,34.3
Southern Grampians,CARAMUT,29.3
Moyne,MAILER FLAT,34.3
Moyne,MAILORS FLAT,34.3
Moyne,MINJAH,34.3
Moyne,WOOLSTHORPE,34.3
Moyne,ALLANSFORD,34.3
Moyne,MEPUNGA,34.3
Moyne,MEPUNGA EAST,34.3
Moyne,MEPUNGA WEST,34.3
Moyne,NARINGAL,34.3
Moyne,NARINGAL EAST,34.3
Moyne,PURNIM,34.3
Moyne,PURNIM WEST,34.3
Moyne,BALLANGEICH,34.3
Moyne,WANGOOM,34.3
Moyne,DENNINGTON,34.3
Moyne,MINJAH,34.3
Moyne,WARRNAMBOOL,34.3
Moyne,WARRNAMBOOL EAST,34.3
Moyne,WARRNAMBOOL WEST,34.3
Moyne,BUSHFIELD,34.3
Moyne,GRASSMERE,34.3
Moyne,WINSLOW,34.3
Moyne,WOODFORD,34.3
Warrnambool,ILLOWA,32.5
Warrnambool,KOROIT,32.5
Warrnambool,CROSSLEY,32.5
Warrnambool,KILLARNEY,32.5
Warrnambool,KIRKSTALL,32.5
Warrnambool,SOUTHERN CROSS,32.5
Warrnambool,TARRONE,32.5
Warrnambool,TOWER HILL,32.5
Warrnambool,WARRONG,32.5
Warrnambool,WILLATOOK,32.5
Warrnambool,YANGERY,32.5
Warrnambool,YARPTURK,32.5
Moyne,ORFORD,34.3
Moyne,PORT FAIRY,34.3
Moyne,CODRINGTON,34.3
Moyne,NARRAWONG,34.3
Moyne,ROSEBROOK,34.3
Moyne,ST HELENS,34.3
Moyne,TOOLONG,34.3
Moyne,TYRENDARRA,34.3
Moyne,TYRENDARRA EAST,34.3
Moyne,YAMBUK,34.3
Moyne,CONDAH SWAMP,34.3
Moyne,KNEBSWORTH,34.3
Moyne,MACARTHUR,34.3
Moyne,RIPPONHURST,34.3
Moyne,WARRABKOOK,34.3
Moyne,HAWKESDALE,34.3
Moyne,MINHAMITE,34.3
Moyne,GAZETTE,34.3
Moyne,GERRIGERRUP,34.3
Moyne,PENSHURST,34.3
Moyne,PURDEET,34.3
Moyne,TABOR,34.3
Glenelg,NELSON,32.5
Moyne,GLENTHOMPSON,34.3
Moyne,NAREEB,34.3
Moyne,NARRAPUMELAP SOUTH,34.3
Ararat,DUNKELD,32.6
Ararat,KARABEAL,32.6
Ararat,MIRRANATWA,32.6
Ararat,MOUTAJUP,32.6
Ararat,VICTORIA POINT,32.6
Ararat,VICTORIA VALLEY,32.6
Ararat,WOODHOUSE,32.6
Southern Grampians,BYADUK NORTH,29.3
Southern Grampians,HAMILTON,29.3
Glenelg,BOCHARA,32.5
Glenelg,BROADWATER,32.5
Glenelg,BUCKLEY SWAMP,32.5
Glenelg,BYADUK,32.5
Glenelg,CROXTON EAST,32.5
Glenelg,HENSLEY PARK,32.5
Glenelg,MORGIANA,32.5
Glenelg,MOUNT NAPIER,32.5
Glenelg,STRATHKELLAR,32.5
Glenelg,TAHARA,32.5
Glenelg,TARRINGTON,32.5
Glenelg,WANNON,32.5
Glenelg,WARRAYURE,32.5
Glenelg,YATCHAW,32.5
Glenelg,YULECART,32.5
Glenelg,BRANXHOLME,32.5
Glenelg,GRASSDALE,32.5
Moyne,BREAKAWAY CREEK,34.3
Moyne,CONDAH,34.3
Moyne,CONDAH SWAMP,34.3
Moyne,HOTSPUR,34.3
Moyne,LAKE CONDAH,34.3
Moyne,WALLACEDALE,34.3
Moyne,BESSIEBELLE,34.3
Moyne,DARTMOOR,34.3
Moyne,DRIK DRIK,34.3
Moyne,DRUMBORG,34.3
Moyne,GREENWALD,34.3
Moyne,HEYWOOD,34.3
Moyne,HOMERTON,34.3
Moyne,LYONS,34.3
Moyne,MILLTOWN,34.3
Moyne,MUMBANNAR,34.3
Moyne,MYAMYN,34.3
Moyne,WINNAP,34.3
Glenelg,ALLESTREE,32.5
Glenelg,BOLWARRA,32.5
Glenelg,CAPE BRIDGEWATER,32.5
Glenelg,CASHMORE,32.5
Glenelg,DUTTON WAY,32.5
Glenelg,GORAE,32.5
Glenelg,GORAE WEST,32.5
Glenelg,HEATHMERE,32.5
Glenelg,MOUNT RICHMOND,32.5
Glenelg,PORTLAND,32.5
Glenelg,PORTLAND NORTH,32.5
Glenelg,PORTLAND WEST,32.5
Glenelg,DIGBY,32.5
Glenelg,MERINO,32.5
Glenelg,TAHARA WEST,32.5
Glenelg,CASTERTON,32.5
Glenelg,CORNDALE,32.5
Glenelg,HEATH FIELD,32.5
Glenelg,PURALKA,32.5
Southern Grampians,BAHGALLAH,29.3
Southern Grampians,BRIMBOAL,29.3
Southern Grampians,CARAPOOK,29.3
Southern Grampians,CHETWYND,29.3
Southern Grampians,DERGHOLM,29.3
Southern Grampians,DORODONG,29.3
Southern Grampians,DUNROBIN,29.3
Southern Grampians,HENTY,29.3
Southern Grampians,KILLARA,29.3
Southern Grampians,LAKE MUNDI,29.3
Southern Grampians,LINDSAY,29.3
Southern Grampians,MUNTHAM,29.3
Southern Grampians,NANGEELA,29.3
Southern Grampians,POOLAIJELO,29.3
Southern Grampians,POWERS CREEK,29.3
Southern Grampians,SANDFORD,29.3
Southern Grampians,STRATHDOWNIE,29.3
Southern Grampians,WANDO BRIDGE,29.3
Southern Grampians,WANDO VALE,29.3
Southern Grampians,WARROCK,29.3
Northern Grampians,BULART,33.5
Northern Grampians,CAVENDISH,33.5
Northern Grampians,GLENISLA,33.5
Northern Grampians,GRAMPIANS,33.5
Northern Grampians,MOORALLA,33.5
Northern Grampians,WOOHLPOOER,33.5
West Wimmera,BRIT BRIT,33.0
West Wimmera,CLOVER FLAT,33.0
West Wimmera,COLERAINE,33.0
West Wimmera,COOJAR,33.0
West Wimmera,CULLA,33.0
West Wimmera,GRINGEGALGONA,33.0
West Wimmera,GRITJURK,33.0
West Wimmera,HILGAY,33.0
West Wimmera,KONONGWOOTONG,33.0
West Wimmera,MELVILLE FOREST,33.0
West Wimmera,MUNTHAM,33.0
West Wimmera,NAREEN,33.0
West Wimmera,PARKWOOD,33.0
West Wimmera,PASCHENDALE,33.0
West Wimmera,TAHARA BRIDGE,33.0
West Wimmera,TARRAYOUKYAN,33.0
West Wimmera,TARRENLEA,33.0
West Wimmera,WOOTONG VALE,33.0
Southern Grampians,HARROW,29.3
West Wimmera,CHARAM,33.0
West Wimmera,CONNEWIRRICOO,33.0
West Wimmera,EDENHOPE,33.0
West Wimmera,JALLAKIN,33.0
West Wimmera,KADNOOK,33.0
West Wimmera,LANGKOOP,33.0
West Wimmera,MEEREEK,33.0
West Wimmera,PATYAH,33.0
West Wimmera,ULLSWATER,33.0
West Wimmera,APSLEY,33.0
West Wimmera,BENAYEO,33.0
West Wimmera,BRINGALBERT,33.0
Colac Otway,HESSE,
Colac Otway,INVERLEIGH,
Colac Otway,WINGEEL,
Corangamite,CRESSY,33.3
Golden Plains,BERRYBANK,35.4
Golden Plains,DUVERNEY,35.4
Golden Plains,FOXHOW,35.4
Golden Plains,LISMORE,35.4
Golden Plains,MINGAY,35.4
Golden Plains,MOUNT BUTE,35.4
Corangamite,DERRINALLUM,33.3
Corangamite,LARRALEA,33.3
Corangamite,VITE VITE,33.3
Corangamite,VITE VITE NORTH,33.3
Golden Plains,TEESDALE,35.4
Colac Otway,BARUNAH PARK,
Colac Otway,BARUNAH PLAINS,
Colac Otway,SHELFORD,
Golden Plains,ROKEWOOD,35.4
Golden Plains,BANNOCKBURN,35.4
Golden Plains,GHERINGHAP,35.4
Golden Plains,MAUDE,35.4
Golden Plains,RUSSELLS BRIDGE,35.4
Golden Plains,SHE OAKS,35.4
Golden Plains,STEIGLITZ,35.4
Golden Plains,SUTHERLANDS CREEK,35.4
Golden Plains,LETHBRIDGE,35.4
Moorabool,BAMGANIE,35.1
Moorabool,MEREDITH,35.1
Golden Plains,BUNGAL,35.4
Golden Plains,CARGERIE,35.4
Golden Plains,ELAINE,35.4
Golden Plains,MORRISONS,35.4
Golden Plains,MOUNT DORAN,35.4
Melton,BONNIE BROOK,35.6
Melton,GRANGEFIELDS,35.6
Melton,PLUMPTON,35.6
Melton,ROCKBANK,35.6
Melton,THORNHILL PARK,35.6
Melton,AINTREE,35.6
Melton,DEANSIDE,35.6
Melton,FRASER RISE,35.6
Macedon Ranges,HARKNESS,29.6
Macedon Ranges,KURUNJANG,29.6
Macedon Ranges,MELTON,29.6
Macedon Ranges,MELTON WEST,29.6
Macedon Ranges,TOOLERN VALE,29.6
Wyndham,BROOKFIELD,31.5
Wyndham,COBBLEBANK,31.5
Wyndham,EXFORD,31.5
Wyndham,EYNESBURY,31.5
Wyndham,MELTON SOUTH,31.5
Wyndham,STRATHTULLOH,31.5
Wyndham,WEIR VIEWS,31.5
Melton,BACCHUS MARSH,35.6
Melton,BALLIANG,35.6
Melton,BALLIANG EAST,35.6
Melton,COIMADAI,35.6
Melton,DARLEY,35.6
Melton,GLENMORE,35.6
Melton,HOPETOUN PARK,35.6
Melton,LONG FOREST,35.6
Melton,MADDINGLEY,35.6
Melton,MERRIMU,35.6
Melton,PARWAN,35.6
Melton,ROWSLEY,35.6
Melton,STAUGHTON VALE,35.6
Moorabool,DALES CREEK,35.1
Moorabool,GREENDALE,35.1
Moorabool,KOROBEIT,35.1
Moorabool,MYRNIONG,35.1
Moorabool,PENTLAND HILLS,35.1
Golden Plains,BALLAN,35.4
Golden Plains,BEREMBOKE,35.4
Golden Plains,BLAKEVILLE,35.4
Golden Plains,BUNDING,35.4
Golden Plains,COLBROOK,35.4
Golden Plains,DURDIDWARRAH,35.4
Golden Plains,FISKVILLE,35.4
Golden Plains,INGLISTON,35.4
Golden Plains,MOUNT WALLACE,35.4
Moorabool,GORDON,35.1
Ballarat,ALFREDTON,33.8
Ballarat,BAKERY HILL,33.8
Ballarat,BALLARAT,33.8
Ballarat,BALLARAT CENTRAL,33.8
Ballarat,BALLARAT EAST,33.8
Ballarat,BALLARAT NORTH,33.8
Ballarat,BALLARAT WEST,33.8
Ballarat,BLACK HILL,33.8
Ballarat,BROWN HILL,33.8
Ballarat,CANADIAN,33.8
Ballarat,EUREKA,33.8
Ballarat,GOLDEN POINT,33.8
Ballarat,INVERMAY PARK,33.8
Ballarat,LAKE WENDOUREE,33.8
Ballarat,LUCAS,33.8
Ballarat,MOUNT CLEAR,33.8
Ballarat,MOUNT HELEN,33.8
Ballarat,MOUNT PLEASANT,33.8
Ballarat,NERRINA,33.8
Ballarat,NEWINGTON,33.8
Ballarat,REDAN,33.8
Ballarat,SOLDIERS HILL,33.8
Ballarat,SOVEREIGN HILL,33.8
Moyne,BERRINGA,34.3
Moyne,BO PEEP,34.3
Moyne,CAPE CLEAR,34.3
Moyne,CARNGHAM,34.3
Moyne,CHEPSTOWE,34.3
Moyne,HADDON,34.3
Moyne,HAPPY VALLEY,34.3
Moyne,HILLCREST,34.3
Moyne,ILLABAROOK,34.3
Moyne,LAKE BOLAC,34.3
Moyne,MININERA,34.3
Moyne,MORTCHUP,34.3
Moyne,MOUNT EMU,34.3
Moyne,NERRIN NERRIN,34.3
Moyne,NEWTOWN,34.3
Moyne,NINTINGBOOL,34.3
Moyne,PIGGOREET,34.3
Moyne,PITFIELD,34.3
Moyne,ROKEWOOD JUNCTION,34.3
Moyne,ROSS CREEK,34.3
Moyne,SCARSDALE,34.3
Moyne,SMYTHES CREEK,34.3
Moyne,SMYTHESDALE,34.3
Moyne,SNAKE VALLEY,34.3
Moyne,SPRINGDALLAH,34.3
Moyne,STAFFORDSHIRE REEF,34.3
Moyne,STREATHAM,34.3
Moyne,WALLINDUC,34.3
Moyne,WESTMERE,34.3
Corangamite,ADDINGTON,33.3
Corangamite,BALLARAT ROADSIDE DELIVERY,33.3
Corangamite,BARKSTEAD,33.3
Corangamite,BLOWHARD,33.3
Corangamite,BOLWARRAH,33.3
Corangamite,BONSHAW,33.3
Corangamite,BREWSTER,33.3
Corangamite,BULLAROOK,33.3
Corangamite,BUNGAREE,33.3
Corangamite,BUNKERS HILL,33.3
Corangamite,BURRUMBEET,33.3
Corangamite,CAMBRIAN HILL,33.3
Corangamite,CARDIGAN,33.3
Corangamite,CARDIGAN VILLAGE,33.3
Corangamite,CHAPEL FLAT,33.3
Corangamite,CLARENDON,33.3
Corangamite,CLARETOWN,33.3
Corangamite,CLARKES HILL,33.3
Corangamite,CORINDHAP,33.3
Corangamite,DEAN,33.3
Corangamite,DEREEL,33.3
Corangamite,DUNNSTOWN,33.3
Corangamite,DURHAM LEAD,33.3
Corangamite,ENFIELD,33.3
Corangamite,ERCILDOUNE,33.3
Corangamite,GARIBALDI,33.3
Corangamite,GLEN PARK,33.3
Corangamite,GLENBRAE,33.3
Corangamite,GONG GONG,33.3
Corangamite,GRENVILLE,33.3
Corangamite,INVERMAY,33.3
Corangamite,LAL LAL,33.3
Corangamite,LAMPLOUGH,33.3
Corangamite,LANGI KAL KAL,33.3
Corangamite,LEARMONTH,33.3
Corangamite,LEIGH CREEK,33.3
Corangamite,LEXTON,33.3
Corangamite,MAGPIE,33.3
Corangamite,MILLBROOK,33.3
Corangamite,MINERS REST,33.3
Corangamite,MITCHELL PARK,33.3
Corangamite,MOLLONGGHIP,33.3
Corangamite,MOUNT BOLTON,33.3
Corangamite,MOUNT EGERTON,33.3
Corangamite,MOUNT MERCER,33.3
Corangamite,MOUNT MITCHELL,33.3
Corangamite,MOUNT ROWAN,33.3
Corangamite,NAPOLEONS,33.3
Corangamite,NAVIGATORS,33.3
Corangamite,POOTILLA,33.3
Corangamite,SCOTCHMANS LEAD,33.3
Corangamite,SCOTSBURN,33.3
Corangamite,SPRINGBANK,33.3
Corangamite,SULKY,33.3
Corangamite,WALLACE,33.3
Corangamite,WARRENHEIP,33.3
Corangamite,WATTLE FLAT,33.3
Corangamite,WAUBRA,33.3
Corangamite,WEATHERBOARD,33.3
Corangamite,WERNETH,33.3
Corangamite,WINDERMERE,33.3
Corangamite,YENDON,33.3
Maribyrnong,BALLARAT,21.9
Ballarat,BAKERY HILL,33.8
Ballarat,BALLARAT MC,33.8
Ballarat,LAKE GARDENS,33.8
Ballarat,MITCHELL PARK,33.8
Ballarat,WENDOUREE,33.8
Ballarat,WENDOUREE VILLAGE,33.8
Ballarat,BONSHAW,33.8
Ballarat,DELACOMBE,33.8
Ballarat,SEBASTOPOL,33.8
Moorabool,BUNINYONG,35.1
Moorabool,SCOTSMANS LEAD,35.1
Moorabool,YARROWEE,35.1
Ballarat,WINTER VALLEY,33.8
Corangamite,HAPPY VALLEY,33.3
Corangamite,LINTON,33.3
Corangamite,MANNIBADAR,33.3
Corangamite,PITTONG,33.3
Corangamite,WILLOWVALE,33.3
Ararat,BRADVALE,32.6
Ararat,CARRANBALLAC,32.6
Ararat,SKIPTON,32.6
Ballarat,CRESWICK,33.8
Ballarat,CRESWICK NORTH,33.8
Ballarat,DEAN,33.8
Ballarat,GLENDARUEL,33.8
Ballarat,LANGDONS HILL,33.8
Ballarat,MOUNT BECKWORTH,33.8
Ballarat,TOURELLO,33.8
Central Goldfields,ALLENDALE,36.1
Central Goldfields,ASCOT,36.1
Central Goldfields,BALD HILLS,36.1
Central Goldfields,BARKSTEAD,36.1
Central Goldfields,BLAMPIED,36.1
Central Goldfields,BROOMFIELD,36.1
Central Goldfields,CABBAGE TREE,36.1
Central Goldfields,CAMPBELLTOWN,36.1
Central Goldfields,COGHILLS CREEK,36.1
Central Goldfields,GLENDONALD,36.1
Central Goldfields,GLENDONNELL,36.1
Central Goldfields,JOYCES CREEK,36.1
Central Goldfields,KINGSTON,36.1
Central Goldfields,KOOROOCHEANG,36.1
Central Goldfields,LAWRENCE,36.1
Central Goldfields,MOUNT PROSPECT,36.1
Central Goldfields,NEWLYN,36.1
Central Goldfields,NEWLYN NORTH,36.1
Central Goldfields,ROCKLYN,36.1
Central Goldfields,SMEATON,36.1
Central Goldfields,SMOKEY TOWN,36.1
Central Goldfields,SMOKEYTOWN,36.1
Central Goldfields,SPRINGMOUNT,36.1
Central Goldfields,STRATHLEA,36.1
Central Goldfields,ULLINA,36.1
Central Goldfields,WERONA,36.1
Central Goldfields,CLUNES,36.1
Central Goldfields,GLENGOWER,36.1
Central Goldfields,MOUNT CAMERON,36.1
Central Goldfields,ULLINA,36.1
Hepburn,AMHERST,33.3
Hepburn,BURNBANK,33.3
Hepburn,CARALULUP,33.3
Hepburn,DUNACH,33.3
Hepburn,EVANSFORD,33.3
Hepburn,LILLICUR,33.3
Hepburn,MOUNT GLASGOW,33.3
Hepburn,RED LION,33.3
Hepburn,STONY CREEK,33.3
Hepburn,TALBOT,33.3
Ararat,BEAUFORT,32.6
Ararat,CHUTE,32.6
Ararat,CROSS ROADS,32.6
Ararat,LAKE GOLDSMITH,32.6
Ararat,LAKE WONGAN,32.6
Ararat,MAIN LEAD,32.6
Ararat,MENA PARK,32.6
Ararat,NERRING,32.6
Ararat,RAGLAN,32.6
Ararat,SHIRLEY,32.6
Ararat,STOCKYARD HILL,32.6
Ararat,STONELEIGH,32.6
Ararat,TRAWALLA,32.6
Ararat,WATERLOO,32.6
Ararat,GREAT WESTERN,32.6
Pyrenees,BALLYROGAN,35.6
Pyrenees,BAYINDEEN,35.6
Pyrenees,BUANGOR,35.6
Pyrenees,MIDDLE CREEK,35.6
Northern Grampians,AMPHITHEATRE,33.5
Northern Grampians,ARARAT,33.5
Northern Grampians,ARARAT EAST,33.5
Northern Grampians,ARMSTRONG,33.5
Northern Grampians,BEN NEVIS,33.5
Northern Grampians,BULGANA,33.5
Northern Grampians,CATHCART,33.5
Northern Grampians,CROWLANDS,33.5
Northern Grampians,DENICULL CREEK,33.5
Northern Grampians,DOBIE,33.5
Northern Grampians,DUNNEWORTHY,33.5
Northern Grampians,EVERSLEY,33.5
Northern Grampians,GREAT WESTERN,33.5
Northern Grampians,JALLUKUR,33.5
Northern Grampians,LANGI LOGAN,33.5
Northern Grampians,MAROONA,33.5
Northern Grampians,MOUNT COLE,33.5
Northern Grampians,MOUNT COLE CREEK,33.5
Northern Grampians,MOUNT LONARCH,33.5
Northern Grampians,MOYSTON,33.5
Northern Grampians,NORVAL,33.5
Northern Grampians,RHYMNEY,33.5
Northern Grampians,ROCKY POINT,33.5
Northern Grampians,ROSSBRIDGE,33.5
Northern Grampians,SHAYS FLAT,33.5
Northern Grampians,WARRAK,33.5
Ararat,TATYOON,32.6
Ararat,YALLA-Y-POORA,32.6
Moyne,BERRAMBOOL,34.3
Moyne,BORNES HILL,34.3
Moyne,CHATSWORTH,34.3
Moyne,MAFEKING,34.3
Moyne,STAVELY,34.3
Moyne,WATGANIA,34.3
Moyne,WICKLIFFE,34.3
Moyne,WILLAURA,34.3
Moyne,WILLAURA NORTH,34.3
Northern Grampians,BELLELLEN,33.5
Northern Grampians,BRIDGE INN,33.5
Northern Grampians,MOKEPILLY,33.5
Northern Grampians,STAWELL,33.5
Northern Grampians,STAWELL WEST,33.5
Northern Grampians,WINJALLOK,33.5
Ararat,BARKLY,32.6
Ararat,BELLELLEN,32.6
Ararat,BELLFIELD,32.6
Ararat,BLACK RANGE,32.6
Ararat,BOLANGUM,32.6
Ararat,CALLAWADDA,32.6
Ararat,CAMPBELLS BRIDGE,32.6
Ararat,CONCONGELLA,32.6
Ararat,DEEP LEAD,32.6
Ararat,FYANS CREEK,32.6
Ararat,GERMANIA,32.6
Ararat,GREENS CREEK,32.6
Ararat,HALLS GAP,32.6
Ararat,ILLAWARRA,32.6
Ararat,JOEL JOEL,32.6
Ararat,JOEL SOUTH,32.6
Ararat,KANYA,32.6
Ararat,LAKE FYANS,32.6
Ararat,LAKE LONSDALE,32.6
Ararat,LUBECK,32.6
Ararat,MOKEPILLY,32.6
Ararat,MORRL MORRL,32.6
Ararat,MOUNT DRYDEN,32.6
Ararat,PARADISE,32.6
Ararat,POMONAL,32.6
Ararat,ROSTRON,32.6
Ararat,WAL WAL,32.6
Ararat,WALLALOO,32.6
Ararat,WALLALOO EAST,32.6
Pyrenees,BARKLY,35.6
Pyrenees,CONCONGELLA,35.6
Pyrenees,FRENCHMANS,35.6
Pyrenees,JOEL JOEL,35.6
Pyrenees,JOEL SOUTH,35.6
Pyrenees,LANDSBOROUGH,35.6
Pyrenees,LANDSBOROUGH WEST,35.6
Pyrenees,NAVARRE,35.6
Pyrenees,SHAYS FLAT,35.6
Pyrenees,TULKARA,35.6
Pyrenees,WATTLE CREEK,35.6
Yarriambiack,DADSWELLS BRIDGE,33.0
Yarriambiack,DEEP LEAD,33.0
Yarriambiack,GLENORCHY,33.0
Yarriambiack,LEDCOURT,33.0
Yarriambiack,LUBECK,33.0
Yarriambiack,RIACHELLA,33.0
Yarriambiack,ROSES GAP,33.0
Yarriambiack,WAL WAL,33.0
Northern Grampians,BOLANGUM,33.5
Northern Grampians,CALLAWADDA,33.5
Northern Grampians,CAMPBELLS BRIDGE,33.5
Northern Grampians,GERMANIA,33.5
Northern Grampians,GREENS CREEK,33.5
Northern Grampians,KANYA,33.5
Northern Grampians,MARNOO,33.5
Northern Grampians,MARNOO WEST,33.5
Northern Grampians,MORRL MORRL,33.5
Northern Grampians,WALLALOO,33.5
Northern Grampians,WALLALOO EAST,33.5
Northern Grampians,BANYENA,33.5
Northern Grampians,RUPANYUP,33.5
Horsham,KEWELL,32.2
Horsham,MURTOA,32.2
Yarriambiack,BRIM,33.0
Yarriambiack,BOOLITE,33.0
Yarriambiack,MINYIP,33.0
Yarriambiack,SHEEP HILLS,33.0
Hindmarsh,AILSA,33.0
Hindmarsh,ANGIP,33.0
Hindmarsh,AUBREY,33.0
Hindmarsh,BANGERANG,33.0
Hindmarsh,CANNUM,33.0
Hindmarsh,CRYMELON,33.0
Hindmarsh,KELLALAC,33.0
Hindmarsh,LAH,33.0
Hindmarsh,WARRACKNABEAL,33.0
Hindmarsh,WILKUR,33.0
Hindmarsh,WILLENABRINA,33.0
Hindmarsh,BEULAH,33.0
Hindmarsh,KENMARE,33.0
Hindmarsh,REEDY DAM,33.0
Hindmarsh,ROSEBERY,33.0
Yarriambiack,HOPETOUN,33.0
Yarriambiack,HOPEVALE,33.0
Yarriambiack,YARTO,33.0
Horsham,JUNG,32.2
Horsham,LONGERENONG,32.2
Horsham,BRIMPAEN,32.2
Horsham,HORSHAM,32.2
Horsham,HORSHAM WEST,32.2
Horsham,ST HELENS PLAINS,32.2
Horsham,WARTOOK,32.2
Horsham,WONWONDAH EAST,32.2
Horsham,WONWONDAH SOUTH,32.2
Northern Grampians,BLACKHEATH,33.5
Northern Grampians,BRIMPAEN,33.5
Northern Grampians,BUNGALALLY,33.5
Northern Grampians,CHERRYPOOL,33.5
Northern Grampians,CLEAR LAKE,33.5
Northern Grampians,CONNANGORACH,33.5
Northern Grampians,DAHLEN,33.5
Northern Grampians,DOOEN,33.5
Northern Grampians,DOUGLAS,33.5
Northern Grampians,DRUNG,33.5
Northern Grampians,GREEN LAKE,33.5
Northern Grampians,GYMBOWEN,33.5
Northern Grampians,HAVEN,33.5
Northern Grampians,HORSHAM,33.5
Northern Grampians,JALLUMBA,33.5
Northern Grampians,JILPANGER,33.5
Northern Grampians,JUNG,33.5
Northern Grampians,KALKEE,33.5
Northern Grampians,KANAGULK,33.5
Northern Grampians,KARNAK,33.5
Northern Grampians,LAHARUM,33.5
Northern Grampians,LONGERENONG,33.5
Northern Grampians,LOWER NORTON,33.5
Northern Grampians,MCKENZIE CREEK,33.5
Northern Grampians,MIGA LAKE,33.5
Northern Grampians,MITRE,33.5
Northern Grampians,MOCKINYA,33.5
Northern Grampians,MURRA WARRA,33.5
Northern Grampians,NORADJUHA,33.5
Northern Grampians,NURCOUNG,33.5
Northern Grampians,NURRABIEL,33.5
Northern Grampians,PIMPINIO,33.5
Northern Grampians,QUANTONG,33.5
Northern Grampians,REMLAW,33.5
Northern Grampians,RIVERSIDE,33.5
Northern Grampians,ROCKLANDS,33.5
Northern Grampians,ROCKLANDS,33.5
Northern Grampians,ST HELENS PLAINS,33.5
Northern Grampians,TELANGATUK EAST,33.5
Northern Grampians,TOOAN,33.5
Northern Grampians,TOOLONDO,33.5
Northern Grampians,VECTIS,33.5
Northern Grampians,WAIL,33.5
Northern Grampians,WALLUP,33.5
Northern Grampians,WARTOOK,33.5
Northern Grampians,WOMBELANO,33.5
Northern Grampians,WONWONDAH,33.5
Northern Grampians,ZUMSTEINS,33.5
Ararat,HORSHAM,32.6
Southern Grampians,BALMORAL,29.3
Southern Grampians,ENGLEFIELD,29.3
Southern Grampians,GATUM,29.3
Southern Grampians,PIGEON PONDS,29.3
Southern Grampians,VASEY,29.3
West Wimmera,ARAPILES,33.0
West Wimmera,CLEAR LAKE,33.0
West Wimmera,DOUGLAS,33.0
West Wimmera,DUCHEMBEGARRA,33.0
West Wimmera,GRASS FLAT,33.0
West Wimmera,JILPANGER,33.0
West Wimmera,MIGA LAKE,33.0
West Wimmera,MITRE,33.0
West Wimmera,NATIMUK,33.0
West Wimmera,NORADJUHA,33.0
West Wimmera,TOOAN,33.0
West Wimmera,WOMBELANO,33.0
West Wimmera,GOROKE,33.0
West Wimmera,MINIMAY,33.0
West Wimmera,NEUARPURR,33.0
West Wimmera,OZENKADNOOK,33.0
West Wimmera,PERONNE,33.0
Yarriambiack,ANTWERP,33.0
Yarriambiack,DIMBOOLA,33.0
Yarriambiack,TARRANYURK,33.0
West Wimmera,MIRAM,33.0
West Wimmera,YARRUNGA,33.0
West Wimmera,BROUGHTON,33.0
West Wimmera,GERANG GERUNG,33.0
West Wimmera,GLENLEE,33.0
West Wimmera,KIATA,33.0
West Wimmera,LAWLOIT,33.0
West Wimmera,LITTLE DESERT,33.0
West Wimmera,LORQUON,33.0
West Wimmera,NETHERBY,33.0
West Wimmera,NHILL,33.0
West Wimmera,YANAC,33.0
Hindmarsh,KANIVA,33.0
West Wimmera,LILLIMUR,33.0
West Wimmera,SERVICETON,33.0
West Wimmera,TELOPEA DOWNS,33.0
Hindmarsh,JEPARIT,33.0
Hindmarsh,LAKE HINDMARSH,33.0
Yarriambiack,ALBACUTYA,33.0
Yarriambiack,RAINBOW,33.0
Yarriambiack,YAAPEET,33.0
Brimbank,DIGGERS REST,27.4
Brimbank,PLUMPTON,27.4
Hume,BULLA,33.3
Hume,SUNBURY,33.3
Hume,WILDWOOD,33.3
Hume,CLARKEFIELD,33.3
Macedon Ranges,RIDDELLS CREEK,29.6
Macedon Ranges,BOLINDA,29.6
Macedon Ranges,MONEGEETTA,29.6
Macedon Ranges,CHEROKEE,29.6
Macedon Ranges,KERRIE,29.6
Macedon Ranges,ROMSEY,29.6
Macedon Ranges,SPRINGFIELD,29.6
Mitchell,BENLOCH,33.6
Mitchell,GOLDIE,33.6
Mitchell,LANCEFIELD,33.6
Mitchell,NULLA VALE,33.6
Moorabool,BULLENGAROOK,35.1
Moorabool,GISBORNE,35.1
Moorabool,GISBORNE SOUTH,35.1
Macedon Ranges,NEW GISBORNE,29.6
Macedon Ranges,MACEDON,29.6
Macedon Ranges,MOUNT MACEDON,29.6
Moorabool,ASHBOURNE,35.1
Moorabool,CADELLO,35.1
Moorabool,CARLSRUHE,35.1
Moorabool,COBAW,35.1
Moorabool,HANGING ROCK,35.1
Moorabool,HESKET,35.1
Moorabool,NEWHAM,35.1
Moorabool,ROCHFORD,35.1
Moorabool,WOODEND,35.1
Moorabool,WOODEND NORTH,35.1
Mitchell,BARFOLD,33.6
Mitchell,BAYNTON,33.6
Mitchell,BAYNTON EAST,33.6
Mitchell,EDGECOMBE,33.6
Mitchell,GLENHOPE,33.6
Mitchell,GREENHILL,33.6
Mitchell,KYNETON,33.6
Mitchell,KYNETON SOUTH,33.6
Mitchell,LANGLEY,33.6
Mitchell,LAURISTON,33.6
Mitchell,LYAL,33.6
Mitchell,METCALFE EAST,33.6
Mitchell,MIA MIA,33.6
Mitchell,MYRTLE CREEK,33.6
Mitchell,PASTORIA,33.6
Mitchell,PASTORIA EAST,33.6
Mitchell,PIPERS CREEK,33.6
Mitchell,REDESDALE,33.6
Mitchell,SIDONIA,33.6
Mitchell,SPRING HILL,33.6
Mitchell,TYLDEN,33.6
Mitchell,TYLDEN SOUTH,33.6
Mount Alexander,DRUMMOND NORTH,32.1
Mount Alexander,MALMSBURY,32.1
Hepburn,TARADALE,33.3
Mount Alexander,ELPHINSTONE,32.1
Mount Alexander,METCALFE,32.1
Mount Alexander,SUTTON GRANGE,32.1
Mount Alexander,CASTLEMAINE,32.1
Mount Alexander,MOONLIGHT FLAT,32.1
Hepburn,BARKERS CREEK,33.3
Hepburn,CAMPBELLS CREEK,33.3
Hepburn,CHEWTON,33.3
Hepburn,CHEWTON BUSHLANDS,33.3
Hepburn,FARADAY,33.3
Hepburn,FRYERSTOWN,33.3
Hepburn,GLENLUCE,33.3
Hepburn,GOLDEN POINT,33.3
Hepburn,GOWER,33.3
Hepburn,GUILDFORD,33.3
Hepburn,IRISHTOWN,33.3
Hepburn,MCKENZIE HILL,33.3
Hepburn,MUCKLEFORD,33.3
Hepburn,TARILTA,33.3
Hepburn,VAUGHAN,33.3
Hepburn,WOODBROOK,33.3
Hepburn,YAPEEN,33.3
Greater Bendigo,HARCOURT,34.2
Greater Bendigo,HARCOURT NORTH,34.2
Greater Bendigo,RAVENSWOOD,34.2
Greater Bendigo,RAVENSWOOD SOUTH,34.2
Macedon Ranges,BARRYS REEF,29.6
Macedon Ranges,BLACKWOOD,29.6
Macedon Ranges,FERN HILL,29.6
Macedon Ranges,LERDERDERG,29.6
Macedon Ranges,LITTLE HAMPTON,29.6
Macedon Ranges,NEWBURY,29.6
Macedon Ranges,NORTH BLACKWOOD,29.6
Macedon Ranges,TRENTHAM,29.6
Macedon Ranges,TRENTHAM EAST,29.6
Hepburn,BASALT,33.3
Hepburn,DAYLESFORD,33.3
Macedon Ranges,BULLARTO,29.6
Macedon Ranges,BULLARTO SOUTH,29.6
Macedon Ranges,CLYDESDALE,29.6
Macedon Ranges,COOMOORA,29.6
Macedon Ranges,DENVER,29.6
Macedon Ranges,DRUMMOND,29.6
Macedon Ranges,DRY DIGGINGS,29.6
Macedon Ranges,EGANSTOWN,29.6
Macedon Ranges,ELEVATED PLAINS,29.6
Macedon Ranges,FRANKLINFORD,29.6
Macedon Ranges,GLENLYON,29.6
Macedon Ranges,HEPBURN,29.6
Macedon Ranges,HEPBURN SPRINGS,29.6
Macedon Ranges,KORWEINGUBOORA,29.6
Macedon Ranges,LEONARDS HILL,29.6
Macedon Ranges,LYONVILLE,29.6
Macedon Ranges,MOUNT FRANKLIN,29.6
Macedon Ranges,MUSK,29.6
Macedon Ranges,MUSK VALE,29.6
Macedon Ranges,PORCUPINE RIDGE,29.6
Macedon Ranges,SAILORS FALLS,29.6
Macedon Ranges,SAILORS HILL,29.6
Macedon Ranges,SHEPHERDS FLAT,29.6
Macedon Ranges,SPARGO CREEK,29.6
Macedon Ranges,STRANGWAYS,29.6
Macedon Ranges,WHEATSHEAF,29.6
Macedon Ranges,YANDOIT,29.6
Macedon Ranges,YANDOIT HILLS,29.6
Mount Alexander,GREEN GULLY,32.1
Mount Alexander,JOYCES CREEK,32.1
Mount Alexander,MUCKLEFORD SOUTH,32.1
Mount Alexander,NEWSTEAD,32.1
Mount Alexander,SANDON,32.1
Mount Alexander,WELSHMANS REEF,32.1
Loddon,BARINGHUP,34.8
Loddon,BARINGHUP WEST,34.8
Loddon,BRADFORD,34.8
Loddon,EASTVILLE,34.8
Loddon,GOWER,34.8
Loddon,LAANECOORIE,34.8
Loddon,MALDON,34.8
Loddon,NEEREMAN,34.8
Loddon,NUGGETTY,34.8
Loddon,PERKINS REEF,34.8
Loddon,PORCUPINE FLAT,34.8
Loddon,SHELBOURNE,34.8
Loddon,TARRENGOWER,34.8
Loddon,WALMER,34.8
Loddon,WOODSTOCK WEST,34.8
Mount Alexander,CARISBROOK,32.1
Mount Alexander,ADELAIDE LEAD,32.1
Mount Alexander,ALMA,32.1
Mount Alexander,BOWENVALE,32.1
Mount Alexander,BUNG BONG,32.1
Mount Alexander,COTSWOLD,32.1
Mount Alexander,CRAIGIE,32.1
Mount Alexander,DAISY HILL,32.1
Mount Alexander,FLAGSTAFF,32.1
Mount Alexander,GOLDEN POINT,32.1
Mount Alexander,HAVELOCK,32.1
Mount Alexander,HOMEBUSH,32.1
Mount Alexander,MAJORCA,32.1
Mount Alexander,MARYBOROUGH,32.1
Mount Alexander,MOOLORT,32.1
Mount Alexander,MOONLIGHT FLAT,32.1
Mount Alexander,NATTE YALLOCK,32.1
Mount Alexander,RATHSCAR,32.1
Mount Alexander,RATHSCAR WEST,32.1
Mount Alexander,RODBOROUGH,32.1
Mount Alexander,SIMSON,32.1
Mount Alexander,TIMOR,32.1
Mount Alexander,TIMOR WEST,32.1
Mount Alexander,WAREEK,32.1
Pyrenees,AVOCA,35.6
Pyrenees,MOYREISK,35.6
Pyrenees,AMPHITHEATRE,35.6
Pyrenees,MOUNT LONARCH,35.6
Pyrenees,ELMHURST,35.6
Pyrenees,GLENLOFTY,35.6
Pyrenees,GLENLOGIE,35.6
Pyrenees,GLENPATRICK,35.6
Pyrenees,NOWHERE CREEK,35.6
Mount Alexander,BET BET,32.1
Mount Alexander,BETLEY,32.1
Mount Alexander,BROMLEY,32.1
Mount Alexander,DUNLUCE,32.1
Mount Alexander,DUNOLLY,32.1
Mount Alexander,EDDINGTON,32.1
Mount Alexander,GOLDSBOROUGH,32.1
Mount Alexander,INKERMAN,32.1
Mount Alexander,MCINTYRE,32.1
Mount Alexander,MOLIAGUL,32.1
Mount Alexander,MOUNT HOOGHLY,32.1
Northern Grampians,ARCHDALE,33.5
Northern Grampians,ARCHDALE JUNCTION,33.5
Northern Grampians,BEALIBA,33.5
Northern Grampians,BURKES FLAT,33.5
Northern Grampians,COCHRANES CREEK,33.5
Northern Grampians,EMU,33.5
Northern Grampians,LOGAN,33.5
Loddon,AVON PLAINS,34.8
Loddon,BEAZLEYS BRIDGE,34.8
Loddon,CARAPOOEE,34.8
Loddon,CARAPOOEE WEST,34.8
Loddon,COONOOER BRIDGE,34.8
Loddon,COONOOER WEST,34.8
Loddon,DALYENONG,34.8
Loddon,GOOROC,34.8
Loddon,GOWAR EAST,34.8
Loddon,GRAYS BRIDGE,34.8
Loddon,GRE GRE,34.8
Loddon,GRE GRE NORTH,34.8
Loddon,GRE GRE SOUTH,34.8
Loddon,KOOREH,34.8
Loddon,MARNOO EAST,34.8
Loddon,MOOLERR,34.8
Loddon,MOYREISK,34.8
Loddon,PARADISE,34.8
Loddon,REDBANK,34.8
Loddon,ROSTRON,34.8
Loddon,SLATY CREEK,34.8
Loddon,ST ARNAUD EAST,34.8
Loddon,ST ARNAUD NORTH,34.8
Loddon,STUART MILL,34.8
Loddon,SUTHERLAND,34.8
Loddon,SWANWATER,34.8
Loddon,TOTTINGTON,34.8
Loddon,TRAYNORS LAGOON,34.8
Loddon,WINJALLOK,34.8
Loddon,YORK PLAINS,34.8
Buloke,AVON PLAINS,32.4
Buloke,BEAZLEYS BRIDGE,32.4
Buloke,BERRIMAL WEST,32.4
Buloke,CARAPOOEE,32.4
Buloke,CARAPOOEE WEST,32.4
Buloke,COONOOER BRIDGE,32.4
Buloke,COONOOER WEST,32.4
Buloke,DARKBONEE,32.4
Buloke,DOOBOOBETIC,32.4
Buloke,ELBERTON,32.4
Buloke,GOOROC,32.4
Buloke,GOWAR EAST,32.4
Buloke,GRE GRE,32.4
Buloke,GRE GRE NORTH,32.4
Buloke,GRE GRE SOUTH,32.4
Buloke,KOOREH,32.4
Buloke,MEDLYN,32.4
Buloke,MITCHELLS HILL,32.4
Buloke,MOOLERR,32.4
Buloke,MOONAMBEL,32.4
Buloke,PERCYDALE,32.4
Buloke,SLATY CREEK,32.4
Buloke,ST ARNAUD,32.4
Buloke,ST ARNAUD EAST,32.4
Buloke,ST ARNAUD NORTH,32.4
Buloke,STUART MILL,32.4
Buloke,SUTHERLAND,32.4
Buloke,SWANWATER,32.4
Buloke,TANWOOD,32.4
Buloke,TOTTINGTON,32.4
Buloke,TRAYNORS LAGOON,32.4
Buloke,TULKARA,32.4
Buloke,WARRENMANG,32.4
Buloke,YAWONG HILLS,32.4
Yarriambiack,AREEGRA,33.0
Yarriambiack,BANYENONG,33.0
Yarriambiack,BOOLITE,33.0
Yarriambiack,CARRON,33.0
Yarriambiack,COPE COPE,33.0
Yarriambiack,CORACK,33.0
Yarriambiack,CORACK EAST,33.0
Yarriambiack,DONALD,33.0
Yarriambiack,GIL GIL,33.0
Yarriambiack,JEFFCOTT,33.0
Yarriambiack,JEFFCOTT NORTH,33.0
Yarriambiack,LAEN,33.0
Yarriambiack,LAEN EAST,33.0
Yarriambiack,LAEN NORTH,33.0
Yarriambiack,LAKE BULOKE,33.0
Yarriambiack,LAWLER,33.0
Yarriambiack,LITCHFIELD,33.0
Yarriambiack,RICH AVON,33.0
Yarriambiack,RICH AVON EAST,33.0
Yarriambiack,RICH AVON WEST,33.0
Yarriambiack,SWANWATER WEST,33.0
Yarriambiack,MASSEY,33.0
Yarriambiack,MORTON PLAINS,33.0
Yarriambiack,WARMUR,33.0
Yarriambiack,WATCHEM,33.0
Yarriambiack,WATCHEM WEST,33.0
Buloke,BALLAPUR,32.4
Buloke,BIRCHIP,32.4
Buloke,BIRCHIP WEST,32.4
Buloke,CURYO,32.4
Buloke,JIL JIL,32.4
Buloke,KARYRIE,32.4
Buloke,KINNABULLA,32.4
Buloke,MARLBED,32.4
Buloke,NARRAPORT,32.4
Buloke,REEDY DAM,32.4
Buloke,WHIRILY,32.4
Buloke,BANYAN,32.4
Buloke,WATCHUPGA,32.4
Buloke,WILLANGIE,32.4
Buloke,WOOMELANG,32.4
Yarriambiack,LASCELLES,33.0
Buloke,SPEED,32.4
Buloke,TURRIFF,32.4
Buloke,TURRIFF EAST,32.4
Mildura,TEMPY,35.6
Hindmarsh,BIG DESERT,33.0
Hindmarsh,BOINKA,33.0
Hindmarsh,KULWIN,33.0
Hindmarsh,MITTYACK,33.0
Hindmarsh,MURRAY-SUNSET,33.0
Hindmarsh,OUYEN,33.0
Hindmarsh,TORRITA,33.0
Hindmarsh,TUTYE,33.0
Mildura,PATCHEWOLLOCK,35.6
Mildura,CARWARP,35.6
Mildura,COLIGNAN,35.6
Mildura,IRAAK,35.6
Mildura,NANGILOC,35.6
Mildura,CARDROSS,35.6
Mildura,CULLULLERAINE,35.6
Mildura,LINDSAY POINT,35.6
Mildura,MERINGUR,35.6
Mildura,MERRINEE,35.6
Mildura,MURRAY LOCK NO 9,35.6
Mildura,NEDS CORNER,35.6
Mildura,RED CLIFFS,35.6
Mildura,SUNNYCLIFFS,35.6
Mildura,WERRIMULL,35.6
Mildura,IRYMPLE,35.6
Mildura,MILDURA,35.6
Mildura,MILDURA EAST,35.6
Mildura,MILDURA WEST,35.6
Mildura,PARINGI,35.6
Swan Hill,HATTAH,33.0
Swan Hill,KOORLONG,33.0
Swan Hill,MILDURA CENTRE PLAZA,33.0
Swan Hill,MILDURA SOUTH,33.0
Swan Hill,NICHOLS POINT,33.0
Greater Dandenong,MILDURA,26.3
Mildura,BIRDWOODTON,35.6
Mildura,CABARITA,35.6
Mildura,MERBEIN,35.6
Mildura,MERBEIN SOUTH,35.6
Mildura,MERBEIN WEST,35.6
Mildura,WARGAN,35.6
Mildura,YELTA,35.6
Mildura,COWANGIE,35.6
Mildura,WALPEUP,35.6
Mildura,LINGA,35.6
Mildura,UNDERBOOL,35.6
Mildura,CARINA,35.6
Mildura,MURRAYVILLE,35.6
Mildura,PANITYA,35.6
Mount Alexander,MARONG,32.1
Mount Alexander,SHELBOURNE,32.1
Mount Alexander,WILSONS HILL,32.1
Greater Bendigo,BRIDGEWATER,34.2
Greater Bendigo,BRIDGEWATER NORTH,34.2
Greater Bendigo,BRIDGEWATER ON LODDON,34.2
Greater Bendigo,DERBY,34.2
Greater Bendigo,LEICHARDT,34.2
Greater Bendigo,YARRABERB,34.2
Loddon,BEARS LAGOON,34.8
Loddon,BRENANAH,34.8
Loddon,BULLABUL,34.8
Loddon,GLENALBYN,34.8
Loddon,INGLEWOOD,34.8
Loddon,JARKLIN,34.8
Loddon,KINGOWER,34.8
Loddon,KURTING,34.8
Loddon,POWLETT PLAINS,34.8
Loddon,RHEOLA,34.8
Loddon,SALISBURY WEST,34.8
Loddon,SERPENTINE,34.8
Buloke,BERRIMAL,32.4
Buloke,BORUNG,32.4
Buloke,FENTONS CREEK,32.4
Buloke,FERNIHURST,32.4
Buloke,FIERY FLAT,32.4
Buloke,KURRACA,32.4
Buloke,KURRACA WEST,32.4
Buloke,MYSIA,32.4
Buloke,NINE MILE,32.4
Buloke,RICHMOND PLAINS,32.4
Buloke,SKINNERS FLAT,32.4
Buloke,WEDDERBURN,32.4
Buloke,WEDDERBURN JUNCTION,32.4
Buloke,WEHLA,32.4
Buloke,WOOLSHED FLAT,32.4
Buloke,WOOSANG,32.4
Loddon,KINYPANIAL,34.8
Loddon,KORONG VALE,34.8
Loddon,SOUTH KINYPANIAL,34.8
Mitchell,PYALONG,33.6
Mitchell,EMU FLAT,33.6
Mitchell,GLENHOPE EAST,33.6
Mitchell,TOOBORAC,33.6
Mitchell,ARGYLE,33.6
Mitchell,COSTERFIELD,33.6
Mitchell,DERRINAL,33.6
Mitchell,HEATHCOTE,33.6
Mitchell,HEATHCOTE SOUTH,33.6
Mitchell,KNOWSLEY,33.6
Mitchell,LADYS PASS,33.6
Mitchell,MOORMBOOL WEST,33.6
Mitchell,MOUNT CAMEL,33.6
Mitchell,REDCASTLE,33.6
Loddon,BARRAKEE,34.8
Loddon,BUCKRABANYULE,34.8
Loddon,CHARLTON,34.8
Loddon,CHIRRIP,34.8
Loddon,GRANITE FLAT,34.8
Loddon,JEFFCOTT,34.8
Loddon,JEFFCOTT NORTH,34.8
Loddon,LAKE MARMAL,34.8
Loddon,NAREEWILLOCK,34.8
Loddon,TEDDYWADDY,34.8
Loddon,TEDDYWADDY WEST,34.8
Loddon,TERRAPPEE,34.8
Loddon,WOOROONOOK,34.8
Loddon,WYCHITELLA,34.8
Loddon,WYCHITELLA NORTH,34.8
Loddon,YEUNGROON,34.8
Loddon,YEUNGROON EAST,34.8
Loddon,BUNGULUKE,34.8
Loddon,DUMOSA,34.8
Loddon,GLENLOTH,34.8
Loddon,GLENLOTH EAST,34.8
Loddon,JERUK,34.8
Loddon,NINYEUNOOK,34.8
Loddon,TEDDYWADDY,34.8
Loddon,TEDDYWADDY WEST,34.8
Loddon,THALIA,34.8
Loddon,TOWANINNY,34.8
Loddon,TOWANINNY SOUTH,34.8
Loddon,WYCHEPROOF,34.8
Loddon,WYCHEPROOF SOUTH,34.8
Buloke,KALPIENUNG,32.4
Buloke,NULLAWIL,32.4
Buloke,CULGOA,32.4
Buloke,SUTTON,32.4
Buloke,WANGIE,32.4
Buloke,WARNE,32.4
Buloke,BERRIWILLOCK,32.4
Buloke,BOIGBEAT,32.4
Buloke,SPRINGFIELD,32.4
Swan Hill,BIMBOURIE,33.0
Swan Hill,LAKE TYRRELL,33.0
Swan Hill,MITTYACK,33.0
Swan Hill,MYALL,33.0
Swan Hill,NANDALY,33.0
Swan Hill,NINDA,33.0
Swan Hill,NYARRIN,33.0
Swan Hill,PIER MILAN,33.0
Swan Hill,SEA LAKE,33.0
Swan Hill,STRATEN,33.0
Swan Hill,TYENNA,33.0
Swan Hill,TYRRELL,33.0
Swan Hill,TYRRELL DOWNS,33.0
Gannawarra,BARRAPORT,32.4
Gannawarra,BARRAPORT WEST,32.4
Gannawarra,BOORT,32.4
Gannawarra,CANARY ISLAND,32.4
Gannawarra,CATUMNAL,32.4
Gannawarra,GREDGWIN,32.4
Gannawarra,LEAGHUR,32.4
Gannawarra,MINMINDIE,32.4
Gannawarra,YANDO,32.4
Gannawarra,CANNIE,32.4
Gannawarra,NINYEUNOOK,32.4
Gannawarra,OAKVALE,32.4
Gannawarra,QUAMBATOOK,32.4
Buloke,COKUM,32.4
Buloke,LALBERT,32.4
Buloke,TITTYBONG,32.4
Buloke,TITYBONG,32.4
Buloke,CHINANGIN,32.4
Buloke,GOWANFORD,32.4
Buloke,MURNUNGIN,32.4
Buloke,SPRINGFIELD,32.4
Buloke,ULTIMA,32.4
Buloke,ULTIMA EAST,32.4
Buloke,WAITCHIE,32.4
Swan Hill,BOLTON,33.0
Swan Hill,CHINKAPOOK,33.0
Swan Hill,COCAMBA,33.0
Swan Hill,GERAHMIN,33.0
Swan Hill,MANANGATANG,33.0
Swan Hill,TUROAR,33.0
Swan Hill,WINNAMBOOL,33.0
Swan Hill,ANNUELLO,33.0
Swan Hill,BANNERTON,33.0
Swan Hill,HAPPY VALLEY,33.0
Swan Hill,LIPAROO,33.0
Swan Hill,ROBINVALE,33.0
Swan Hill,ROBINVALE IRRIGATION DISTRICT SECTION B,33.0
Swan Hill,ROBINVALE IRRIGATION DISTRICT SECTION C,33.0
Swan Hill,ROBINVALE IRRIGATION DISTRICT SECTION D,33.0
Swan Hill,ROBINVALE IRRIGATION DISTRICT SECTION E,33.0
Swan Hill,TOL TOL,33.0
Swan Hill,WANDOWN,33.0
Swan Hill,WEMEN,33.0
Greater Bendigo,BENDIGO,34.2
Greater Bendigo,BENDIGO SOUTH,34.2
Greater Bendigo,DIAMOND HILL,34.2
Greater Bendigo,EAST BENDIGO,34.2
Greater Bendigo,FLORA HILL,34.2
Greater Bendigo,IRONBARK,34.2
Greater Bendigo,KENNINGTON,34.2
Greater Bendigo,LONG GULLY,34.2
Greater Bendigo,NORTH BENDIGO,34.2
Greater Bendigo,QUARRY HILL,34.2
Greater Bendigo,SANDHURST EAST,34.2
Greater Bendigo,SPRING GULLY,34.2
Greater Bendigo,STRATHDALE,34.2
Greater Bendigo,TYSONS REEF,34.2
Greater Bendigo,WEST BENDIGO,34.2
Greater Bendigo,WHITE HILLS,34.2
Mount Alexander,ARNOLD,32.1
Mount Alexander,ARNOLD WEST,32.1
Mount Alexander,ASCOT,32.1
Mount Alexander,AXE CREEK,32.1
Mount Alexander,AXEDALE,32.1
Mount Alexander,BAGSHOT,32.1
Mount Alexander,BAGSHOT NORTH,32.1
Mount Alexander,BENDIGO FORWARD,32.1
Mount Alexander,CORNELLA,32.1
Mount Alexander,CREEK VIEW,32.1
Mount Alexander,EMU CREEK,32.1
Mount Alexander,EPPALOCK,32.1
Mount Alexander,EPSOM,32.1
Mount Alexander,HUNTLY,32.1
Mount Alexander,HUNTLY NORTH,32.1
Mount Alexander,JUNORTOUN,32.1
Mount Alexander,KIMBOLTON,32.1
Mount Alexander,LAKE EPPALOCK,32.1
Mount Alexander,LLANELLY,32.1
Mount Alexander,LOCKWOOD,32.1
Mount Alexander,LOCKWOOD SOUTH,32.1
Mount Alexander,LONGLEA,32.1
Mount Alexander,MAIDEN GULLY,32.1
Mount Alexander,MANDURANG,32.1
Mount Alexander,MANDURANG SOUTH,32.1
Mount Alexander,MINTO,32.1
Mount Alexander,MOSQUITO CREEK,32.1
Mount Alexander,MURPHYS CREEK,32.1
Mount Alexander,MYOLA,32.1
Mount Alexander,MYOLA EAST,32.1
Mount Alexander,MYRTLE CREEK,32.1
Mount Alexander,NEWBRIDGE,32.1
Mount Alexander,PAINSWICK,32.1
Mount Alexander,PILCHERS BRIDGE,32.1
Mount Alexander,SEDGWICK,32.1
Mount Alexander,STRATHFIELDSAYE,32.1
Mount Alexander,TARNAGULLA,32.1
Mount Alexander,TOOLLEEN,32.1
Mount Alexander,WAANYARRA,32.1
Mount Alexander,WELLSFORD,32.1
Mount Alexander,WOODSTOCK ON LODDON,32.1
Yarra,BENDIGO,16.3
Greater Bendigo,BENDIGO DC,34.2
Greater Bendigo,BIG HILL,34.2
Greater Bendigo,GOLDEN GULLY,34.2
Greater Bendigo,GOLDEN SQUARE,34.2
Greater Bendigo,KANGAROO FLAT,34.2
Greater Bendigo,LANSELL PLAZA,34.2
Greater Bendigo,SPECIMEN HILL,34.2
Loddon,CALIFORNIA GULLY,34.8
Loddon,CAMPBELLS FOREST,34.8
Loddon,COMET HILL,34.8
Loddon,EAGLEHAWK,34.8
Loddon,EAGLEHAWK NORTH,34.8
Loddon,JACKASS FLAT,34.8
Loddon,MYERS FLAT,34.8
Loddon,SAILORS GULLY,34.8
Loddon,SEBASTIAN,34.8
Loddon,WHIPSTICK,34.8
Loddon,WOODVALE,34.8
Campaspe,BARNADOWN,33.0
Campaspe,FOSTERVILLE,33.0
Campaspe,GOORNONG,33.0
Campaspe,MUSKERRY,33.0
Campaspe,MUSKERRY EAST,33.0
Campaspe,BURNEWANG,33.0
Campaspe,COROP WEST,33.0
Campaspe,CREEK VIEW,33.0
Campaspe,ELMORE,33.0
Campaspe,HUNTER,33.0
Campaspe,RUNNYMEDE,33.0
Greater Bendigo,AVONMORE,34.2
Greater Bendigo,BURRAMBOOT,34.2
Greater Bendigo,COLBINABBIN,34.2
Greater Bendigo,COROP,34.2
Greater Bendigo,GOBARUP,34.2
Greater Bendigo,LYNDALE,34.2
Greater Bendigo,MAYREEF,34.2
Greater Bendigo,RUNNYMEDE,34.2
Campaspe,BALLENDELLA,33.0
Campaspe,BAMAWM,33.0
Campaspe,BAMAWM EXTENSION,33.0
Campaspe,BONN,33.0
Campaspe,DIGGORA,33.0
Campaspe,DIGGORA WEST,33.0
Campaspe,FAIRY DELL,33.0
Campaspe,NANNEELLA,33.0
Campaspe,ROCHESTER,33.0
Campaspe,ROCHESTER WEST,33.0
Campaspe,THE SETTLEMENT,33.0
Campaspe,TIMMERING,33.0
Campaspe,TORRUMBARRY,33.0
Campaspe,LOCKINGTON,33.0
Campaspe,BAMAWM EXTENSION,33.0
Campaspe,CAMPASPE WEST,33.0
Campaspe,ECHUCA,33.0
Campaspe,ECHUCA EAST,33.0
Campaspe,ECHUCA SOUTH,33.0
Campaspe,ECHUCA VILLAGE,33.0
Campaspe,ECHUCA WEST,33.0
Campaspe,KANYAPELLA,33.0
Campaspe,MCEVOYS,33.0
Campaspe,PATHO,33.0
Campaspe,PATHO WEST,33.0
Campaspe,ROSLYNMEAD,33.0
Campaspe,SIMMIE,33.0
Campaspe,WHARPARILLA,33.0
Campaspe,KOTTA,33.0
Campaspe,GUNBOWER,33.0
Loddon,HORFIELD,34.8
Loddon,LEITCHVILLE,34.8
Gannawarra,BURKES BRIDGE,32.4
Gannawarra,COHUNA,32.4
Gannawarra,CULLEN,32.4
Gannawarra,DALTONS BRIDGE,32.4
Gannawarra,GANNAWARRA,32.4
Gannawarra,KEELY,32.4
Gannawarra,MACORNA NORTH,32.4
Gannawarra,MCMILLANS,32.4
Gannawarra,MEAD,32.4
Gannawarra,MINCHA WEST,32.4
Gannawarra,WEE WEE RUP,32.4
Loddon,AUCHMORE,34.8
Loddon,DRUMMARTIN,34.8
Loddon,KAMAROOKA,34.8
Loddon,NEILBOROUGH,34.8
Loddon,RAYWOOD,34.8
Loddon,SUMMERFIELD,34.8
Loddon,DINGEE,34.8
Loddon,KAMAROOKA NORTH,34.8
Loddon,POMPAPIEL,34.8
Loddon,TANDARRA,34.8
Loddon,YALLOOK,34.8
Loddon,MILLOO,34.8
Loddon,PIAVELLA,34.8
Loddon,PRAIRIE,34.8
Loddon,TENNYSON,34.8
Campaspe,CALIVIL,33.0
Campaspe,MITIAMO,33.0
Campaspe,PINE GROVE,33.0
Campaspe,PINE GROVE EAST,33.0
Campaspe,TERRICK TERRICK EAST,33.0
Loddon,BALD ROCK,34.8
Loddon,GLADFIELD,34.8
Loddon,JUNGABURRA,34.8
Loddon,LODDON VALE,34.8
Loddon,MINCHA,34.8
Loddon,MOLOGA,34.8
Loddon,PYRAMID HILL,34.8
Loddon,SYLVATERRE,34.8
Loddon,TERRICK TERRICK,34.8
Loddon,YARRAWALLA,34.8
Loddon,DURHAM OX,34.8
Swan Hill,APPIN,33.0
Swan Hill,APPIN SOUTH,33.0
Swan Hill,BAEL BAEL,33.0
Swan Hill,BEAUCHAMP,33.0
Swan Hill,BENJEROOP,33.0
Swan Hill,BUDGERUM EAST,33.0
Swan Hill,CAPELS CROSSING,33.0
Swan Hill,DINGWALL,33.0
Swan Hill,EAST YEOBURN,33.0
Swan Hill,FAIRLEY,33.0
Swan Hill,GONN CROSSING,33.0
Swan Hill,KERANG,33.0
Swan Hill,KERANG EAST,33.0
Swan Hill,KOROOP,33.0
Swan Hill,LAKE MERAN,33.0
Swan Hill,MACORNA,33.0
Swan Hill,MEERING WEST,33.0
Swan Hill,MILNES BRIDGE,33.0
Swan Hill,MURRABIT,33.0
Swan Hill,MURRABIT WEST,33.0
Swan Hill,MYALL,33.0
Swan Hill,MYSTIC PARK,33.0
Swan Hill,NORMANVILLE,33.0
Swan Hill,PINE VIEW,33.0
Swan Hill,REEDY LAKE,33.0
Swan Hill,SANDHILL LAKE,33.0
Swan Hill,TEAL POINT,33.0
Swan Hill,TRAGOWEL,33.0
Swan Hill,WANDELLA,33.0
Swan Hill,WESTBY,33.0
Gannawarra,KOONDROOK,32.4
Gannawarra,BEAUCHAMP,32.4
Gannawarra,LAKE CHARM,32.4
Swan Hill,TRESCO,33.0
Swan Hill,LAKE BOGA,33.0
Swan Hill,TRESCO WEST,33.0
Gannawarra,CASTLE DONNINGTON,32.4
Gannawarra,CHILLINGOLLAH,32.4
Gannawarra,FISH POINT,32.4
Gannawarra,GOSCHEN,32.4
Gannawarra,KUNAT,32.4
Gannawarra,MEATIAN,32.4
Gannawarra,NOWIE,32.4
Gannawarra,NYRRABY,32.4
Gannawarra,PIRA,32.4
Gannawarra,POLISBET,32.4
Gannawarra,SPEEWA,32.4
Gannawarra,SWAN HILL,32.4
Gannawarra,SWAN HILL PIONEER,32.4
Gannawarra,SWAN HILL WEST,32.4
Gannawarra,WINLATON,32.4
Swan Hill,BULGA,33.0
Swan Hill,MALLAN,33.0
Swan Hill,MURRAWEE,33.0
Swan Hill,MURRAYDALE,33.0
Swan Hill,PENTAL ISLAND,33.0
Swan Hill,TYNTYNDER,33.0
Swan Hill,TYNTYNDER SOUTH,33.0
Swan Hill,ULTIMA EAST,33.0
Swan Hill,WOORINEN SOUTH,33.0
Swan Hill,WOORINEN,33.0
Swan Hill,WOORINEN NORTH,33.0
Swan Hill,BEVERFORD,33.0
Swan Hill,VINIFERA,33.0
Swan Hill,NYAH,33.0
Swan Hill,NYAH WEST,33.0
Swan Hill,MIRALIE,33.0
Swan Hill,TOWAN,33.0
Swan Hill,WOOD WOOD,33.0
Swan Hill,KENLEY,33.0
Swan Hill,KOOLOONONG,33.0
Swan Hill,LAKE POWELL,33.0
Swan Hill,NARRUNG,33.0
Swan Hill,NATYA,33.0
Swan Hill,PIANGIL,33.0
Swan Hill,BOUNDARY BEND,33.0
Strathbogie,TABILK,35.1
Greater Shepparton,BAILIESTON,34.4
Greater Shepparton,GOULBURN WEIR,34.4
Greater Shepparton,GRAYTOWN,34.4
Greater Shepparton,KIRWANS BRIDGE,34.4
Greater Shepparton,MITCHELLSTOWN,34.4
Greater Shepparton,NAGAMBIE,34.4
Greater Shepparton,WAHRING,34.4
Greater Shepparton,WIRRATE,34.4
Strathbogie,DHURRINGILE,35.1
Strathbogie,MOORILIM,35.1
Strathbogie,MURCHISON,35.1
Strathbogie,MURCHISON EAST,35.1
Strathbogie,MURCHISON NORTH,35.1
Strathbogie,MOORA,35.1
Strathbogie,RUSHWORTH,35.1
Strathbogie,WANALTA,35.1
Strathbogie,WARANGA,35.1
Strathbogie,WARANGA SHORES,35.1
Strathbogie,WHROO,35.1
Greater Shepparton,TOOLAMBA,34.4
Greater Shepparton,TOOLAMBA WEST,34.4
Greater Shepparton,COOMA,34.4
Greater Shepparton,GILLIESTON,34.4
Greater Shepparton,GIRGARRE EAST,34.4
Greater Shepparton,HARSTON,34.4
Greater Shepparton,MOOROOPNA NORTH WEST,34.4
Greater Shepparton,TATURA,34.4
Greater Shepparton,TATURA EAST,34.4
Greater Shepparton,TOOLAMBA WEST,34.4
Greater Shepparton,WARANGA,34.4
Greater Shepparton,BYRNESIDE,34.4
Greater Shepparton,MERRIGUM,34.4
Moreland,KYABRAM,24.2
Greater Shepparton,KYABRAM,34.4
Greater Shepparton,KYABRAM SOUTH,34.4
Greater Shepparton,LANCASTER,34.4
Greater Shepparton,MOUNT SCOBIE,34.4
Greater Shepparton,ST GERMAINS,34.4
Greater Shepparton,TARIPTA,34.4
Greater Shepparton,WYUNA,34.4
Greater Shepparton,WYUNA EAST,34.4
Campaspe,KOYUGA SOUTH,33.0
Campaspe,KY VALLEY,33.0
Campaspe,KY WEST,33.0
Campaspe,KYVALLEY,33.0
Campaspe,TONGALA,33.0
Campaspe,YAMBUNA,33.0
Campaspe,CORNELIA CREEK,33.0
Campaspe,KOYUGA,33.0
Campaspe,STRATHALLAN,33.0
Greater Shepparton,CARAG CARAG,34.4
Greater Shepparton,STANHOPE,34.4
Greater Shepparton,STANHOPE SOUTH,34.4
Campaspe,GIRGARRE,33.0
Greater Shepparton,ARDMONA,34.4
Greater Shepparton,COOMBOONA,34.4
Greater Shepparton,MOOROOPNA,34.4
Greater Shepparton,MOOROOPNA NORTH,34.4
Greater Shepparton,UNDERA,34.4
Greater Shepparton,BENARCH,34.4
Greater Shepparton,BRANDITT,34.4
Greater Shepparton,CANIAMBO,34.4
Greater Shepparton,COLLIVER,34.4
Greater Shepparton,DUNKIRK,34.4
Greater Shepparton,SHEPPARTON,34.4
Greater Shepparton,SHEPPARTON SOUTH,34.4
Strathbogie,ARCADIA,35.1
Strathbogie,ARCADIA SOUTH,35.1
Strathbogie,BRANDITT,35.1
Strathbogie,COSGROVE,35.1
Strathbogie,COSGROVE SOUTH,35.1
Strathbogie,GRAHAMVALE,35.1
Strathbogie,KARRAMOMUS,35.1
Strathbogie,KIALLA,35.1
Strathbogie,KIALLA EAST,35.1
Strathbogie,KIALLA WEST,35.1
Strathbogie,LEMNOS,35.1
Strathbogie,ORRVALE,35.1
Strathbogie,PINE LODGE,35.1
Strathbogie,SHEPPARTON EAST,35.1
Strathbogie,SHEPPARTON NORTH,35.1
Strathbogie,TAMLEUGH WEST,35.1
Greater Shepparton,SHEPPARTON,34.4
Greater Shepparton,CONGUPNA,34.4
Moira,BUNBARTHA,34.6
Moira,INVERGORDON SOUTH,34.6
Moira,KATANDRA,34.6
Moira,KATANDRA WEST,34.6
Moira,MARIONVALE,34.6
Moira,MARUNGI,34.6
Moira,TALLYGAROOPNA,34.6
Moira,ZEERUST,34.6
Moira,KAARIMBA,34.6
Moira,MUNDOONA,34.6
Moira,WUNGHNU,34.6
Moira,DRUMANURE,34.6
Moira,INVERGORDON,34.6
Moira,NARING,34.6
Moira,NUMURKAH,34.6
Moira,WAAIA,34.6
Moira,YALCA,34.6
Moira,KOTUPNA,34.6
Moira,NATHALIA,34.6
Moira,YIELIMA,34.6
Moira,BARMAH,34.6
Moira,LOWER MOIRA,34.6
Moira,PICOLA,34.6
Moira,PICOLA WEST,34.6
Moira,KATUNGA,34.6
Moira,BEARII,34.6
Moira,MYWEE,34.6
Moira,STRATHMERTON,34.6
Moira,ULUPNA,34.6
Moira,COBRAM,34.6
Berrigan,BAROOGA,
Berrigan,COBRAM,
Berrigan,COBRAM EAST,
Berrigan,KOONOOMOO,
Berrigan,LALALTY,
Berrigan,MUCKATAH,
Berrigan,YARROWEYAH,
Strathbogie,DOOKIE,35.1
Strathbogie,MOUNT MAJOR,35.1
Strathbogie,NALINGA,35.1
Strathbogie,WAGGARANDALL,35.1
Strathbogie,WATTVILLE,35.1
Strathbogie,YABBA NORTH,35.1
Strathbogie,YABBA SOUTH,35.1
Strathbogie,YOUANMITE,35.1
Greater Shepparton,DOOKIE COLLEGE,34.4
Moira,KATAMATITE,34.6
Moira,KATAMATITE EAST,34.6
Murrindindi,BROADFORD,32.7
Murrindindi,CLONBINANE,32.7
Murrindindi,CLONBINANE,32.7
Murrindindi,FLOWERDALE,32.7
Murrindindi,HAZELDENE,32.7
Murrindindi,REEDY CREEK,32.7
Murrindindi,STRATH CREEK,32.7
Murrindindi,SUGARLOAF CREEK,32.7
Murrindindi,SUNDAY CREEK,32.7
Murrindindi,TYAAK,32.7
Murrindindi,WATERFORD PARK,32.7
Mitchell,SUGARLOAF CREEK,33.6
Mitchell,TALLAROOK,33.6
Murrindindi,CAVEAT,32.7
Murrindindi,DROPMORE,32.7
Murrindindi,DYSART,32.7
Murrindindi,HIGHLANDS,32.7
Murrindindi,HILLDENE,32.7
Murrindindi,KERRISDALE,32.7
Murrindindi,KOBYBOYN,32.7
Murrindindi,NORTHWOOD,32.7
Murrindindi,SEYMOUR,32.7
Murrindindi,SEYMOUR SOUTH,32.7
Murrindindi,TRAWOOL,32.7
Murrindindi,WHITEHEADS CREEK,32.7
Latrobe (Vic.),SEYMOUR,
Mitchell,PUCKAPUNYAL,33.6
Mitchell,PUCKAPUNYAL MILPO,33.6
Mitchell,MANGALORE,33.6
Mitchell,AVENEL,33.6
Mitchell,UPTON HILL,33.6
Strathbogie,LOCKSLEY,35.1
Strathbogie,LONGWOOD,35.1
Strathbogie,PRANJIP,35.1
Murrindindi,BALMATTUM,32.7
Murrindindi,CREIGHTON,32.7
Murrindindi,CREIGHTONS CREEK,32.7
Murrindindi,EUROA,32.7
Murrindindi,GOORAM,32.7
Murrindindi,KELVIN VIEW,32.7
Murrindindi,KITHBROOK,32.7
Murrindindi,LONGWOOD EAST,32.7
Murrindindi,MIEPOLL,32.7
Murrindindi,MOGLONEMBY,32.7
Murrindindi,MOLKA,32.7
Murrindindi,PRANJIP,32.7
Murrindindi,RIGGS CREEK,32.7
Murrindindi,RUFFY,32.7
Murrindindi,SHEANS CREEK,32.7
Murrindindi,STRATHBOGIE,32.7
Murrindindi,TARCOMBE,32.7
Mansfield,BOHO,33.9
Mansfield,BOHO SOUTH,33.9
Mansfield,CREEK JUNCTION,33.9
Mansfield,EARLSTON,33.9
Mansfield,GOWANGARDIE,33.9
Mansfield,KOONDA,33.9
Mansfield,MARRAWEENEY,33.9
Mansfield,TAMLEUGH,33.9
Mansfield,TAMLEUGH NORTH,33.9
Mansfield,UPOTIPOTPON,33.9
Mansfield,VIOLET TOWN,33.9
Strathbogie,BADDAGINNIE,35.1
Strathbogie,TARNOOK,35.1
Strathbogie,WARRENBAYNE,35.1
Greater Shepparton,BENALLA,34.4
Benalla,BENALLA,31.2
Benalla,BENALLA WEST,31.2
Mansfield,BENALLA,33.9
Mansfield,BROKEN CREEK,33.9
Mansfield,GOOMALIBEE,33.9
Mansfield,KILFEERA,33.9
Mansfield,LAKE MOKOAN,33.9
Mansfield,LIMA,33.9
Mansfield,LIMA EAST,33.9
Mansfield,LIMA SOUTH,33.9
Mansfield,LURG,33.9
Mansfield,MOLYULLAH,33.9
Mansfield,MOORNGAG,33.9
Mansfield,SAMARIA,33.9
Mansfield,SWANPOOL,33.9
Mansfield,TATONG,33.9
Mansfield,UPOTIPOTPON,33.9
Mansfield,UPPER LURG,33.9
Mansfield,UPPER RYANS CREEK,33.9
Mansfield,WINTON,33.9
Mansfield,WINTON NORTH,33.9
Moira,BOWEYA,34.6
Moira,BOWEYA NORTH,34.6
Moira,GLENROWAN,34.6
Moira,GLENROWAN WEST,34.6
Moira,GRETA,34.6
Moira,GRETA SOUTH,34.6
Moira,GRETA WEST,34.6
Moira,HANSONVILLE,34.6
Moira,MOUNT BRUNO,34.6
Moira,TAMINICK,34.6
Wangaratta,WANGARATTA,32.6
Wangaratta,APPIN PARK,32.6
Wangaratta,WANGARATTA,32.6
Wangaratta,WANGARATTA WEST,32.6
Wangaratta,YARRUNGA,32.6
Moira,BOBINAWARRAH,34.6
Moira,BOORHAMAN,34.6
Moira,BOORHAMAN EAST,34.6
Moira,BOWSER,34.6
Moira,BYAWATHA,34.6
Moira,CARBOOR,34.6
Moira,CHESHUNT,34.6
Moira,CHESHUNT SOUTH,34.6
Moira,DOCKER,34.6
Moira,DOCKERS PLAINS,34.6
Moira,EAST WANGARATTA,34.6
Moira,EDI,34.6
Moira,EDI UPPER,34.6
Moira,EVERTON,34.6
Moira,EVERTON UPPER,34.6
Moira,KILLAWARRA,34.6
Moira,KING VALLEY,34.6
Moira,LACEBY,34.6
Moira,LONDRIGAN,34.6
Moira,MARKWOOD,34.6
Moira,MEADOW CREEK,34.6
Moira,MILAWA,34.6
Moira,NORTH WANGARATTA,34.6
Moira,OXLEY,34.6
Moira,OXLEY FLATS,34.6
Moira,PEECHELBA,34.6
Moira,PEECHELBA EAST,34.6
Moira,ROSE RIVER,34.6
Moira,TARRAWINGEE,34.6
Moira,WABONGA,34.6
Moira,WALDARA,34.6
Moira,WANGANDARY,34.6
Moira,WANGARATTA FORWARD,34.6
Moira,WANGARATTA SOUTH,34.6
Moira,WHITLANDS,34.6
Indigo,BORALMA,32.7
Indigo,LILLIPUT,32.7
Indigo,NORONG,32.7
Indigo,SPRINGHURST,32.7
Indigo,CHILTERN,32.7
Indigo,CHILTERN VALLEY,32.7
Indigo,CORNISHTOWN,32.7
Indigo,INDIGO,32.7
Wangaratta,BOORHAMAN NORTH,32.6
Wangaratta,BRIMIN,32.6
Wangaratta,BROWNS PLAINS,32.6
Wangaratta,CARLYLE,32.6
Wangaratta,DUGAYS BRIDGE,32.6
Wangaratta,GOORAMADDA,32.6
Wangaratta,GREAT SOUTHERN,32.6
Wangaratta,LAKE MOODEMERE,32.6
Wangaratta,NORONG CENTRAL,32.6
Wangaratta,PRENTICE NORTH,32.6
Wangaratta,RUTHERGLEN,32.6
Indigo,CARLYLE,32.7
Indigo,WAHGUNYAH,32.7
Indigo,BARNAWARTHA,32.7
Indigo,BARNAWARTHA NORTH,32.7
Indigo,INDIGO UPPER,32.7
Indigo,INDIGO VALLEY,32.7
Darebin,WODONGA,23.9
Wodonga,WEST WODONGA,34.8
Wodonga,WODONGA,34.8
Wodonga,WODONGA PLAZA,34.8
Albury,ALLANS FLAT,
Albury,BANDIANA,
Albury,BARANDUDA,
Albury,BARNAWARTHA NORTH,
Albury,BELLBRIDGE,
Albury,BERRINGAMA,
Albury,BETHANGA,
Albury,BONEGILLA,
Albury,BUNGIL,
Albury,CASTLE CREEK,
Albury,CORAL BANK,
Albury,DEDERANG,
Albury,EBDEN,
Albury,GATEWAY ISLAND,
Albury,GLEN CREEK,
Albury,GUNDOWRING,
Albury,HUME WEIR,
Albury,HUON CREEK,
Albury,KANCOONA,
Albury,KANCOONA SOUTH,
Albury,KERGUNYAH,
Albury,KERGUNYAH SOUTH,
Albury,KIEWA,
Albury,KILLARA,
Albury,LAKE HUME VILLAGE,
Albury,LENEVA,
Albury,LONE PINE,
Albury,LUCYVALE,
Albury,MONGANS BRIDGE,
Albury,MOUNT ALFRED,
Albury,OSBORNES FLAT,
Albury,RUNNING CREEK,
Albury,STAGHORN FLAT,
Albury,TALGARNO,
Albury,TANGAMBALANGA,
Albury,THOLOGOLONG,
Albury,UPPER GUNDOWRING,
Albury,WODONGA FORWARD,
Wodonga,BANDIANA,34.8
Wodonga,BANDIANA MILPO,34.8
Towong,CHARLEROI,32.9
Towong,HUON,32.9
Towong,RED BLUFF,32.9
Towong,SANDY CREEK,32.9
Alpine,TAWONGA,34.1
Alpine,TAWONGA SOUTH,34.1
East Gippsland,BOGONG,33.9
East Gippsland,FALLS CREEK,33.9
East Gippsland,MOUNT BEAUTY,33.9
East Gippsland,NELSE,33.9
Towong,BULLIOH,32.9
Towong,GEORGES CREEK,32.9
Towong,JARVIS CREEK,32.9
Towong,TALLANGATTA,32.9
Towong,TALLANGATTA EAST,32.9
East Gippsland,DARTMOUTH,33.9
East Gippsland,ESKDALE,33.9
East Gippsland,FERNVALE,33.9
East Gippsland,GRANITE FLAT,33.9
East Gippsland,GRANYA,33.9
East Gippsland,MITTA MITTA,33.9
East Gippsland,OLD TALLANGATTA,33.9
East Gippsland,SHELLEY,33.9
East Gippsland,TALLANDOON,33.9
East Gippsland,TALLANGATTA SOUTH,33.9
East Gippsland,TALLANGATTA VALLEY,33.9
Towong,KOETONG,32.9
Towong,CUDGEWA,32.9
Towong,NARIEL VALLEY,32.9
East Gippsland,BIGGARA,33.9
East Gippsland,BRINGENBRONG,33.9
East Gippsland,COLAC COLAC,33.9
East Gippsland,CORRYONG,33.9
East Gippsland,NARIEL VALLEY,33.9
East Gippsland,THOWGLA VALLEY,33.9
East Gippsland,TOM GROGGIN,33.9
East Gippsland,TOWONG,33.9
East Gippsland,TOWONG UPPER,33.9
Towong,TINTALDRA,32.9
Towong,BURROWYE,32.9
Towong,GUYS FOREST,32.9
Towong,MOUNT ALFRED,32.9
Towong,PINE MOUNTAIN,32.9
Towong,WALWA,32.9
Murrindindi,BUXTON,32.7
Murrindindi,RUBICON,32.7
Murrindindi,THORNTON,32.7
Mansfield,EILDON,33.9
Mansfield,LAKE EILDON,33.9
Mansfield,TAYLOR BAY,33.9
Murrindindi,ACHERON,32.7
Murrindindi,ALEXANDRA,32.7
Murrindindi,CATHKIN,32.7
Murrindindi,CRYSTAL CREEK,32.7
Murrindindi,DEVILS RIVER,32.7
Murrindindi,FAWCETT,32.7
Murrindindi,KORIELLA,32.7
Murrindindi,MAINTONGOON,32.7
Murrindindi,TAGGERTY,32.7
Murrindindi,WHANREGARWEN,32.7
Murrindindi,ANCONA,32.7
Murrindindi,MERTON,32.7
Murrindindi,WOODFIELD,32.7
Mitchell,FLOWERDALE,33.6
Mitchell,GHIN GHIN,33.6
Mitchell,GLENBURN,33.6
Mitchell,HOMEWOOD,33.6
Mitchell,KILLINGWORTH,33.6
Mitchell,LIMESTONE,33.6
Mitchell,MURRINDINDI,33.6
Mitchell,YEA,33.6
Murrindindi,MOLESWORTH,32.7
Murrindindi,GOBUR,32.7
Murrindindi,KANUMBRA,32.7
Murrindindi,TERIP TERIP,32.7
Murrindindi,YARCK,32.7
Mansfield,BONNIE DOON,33.9
Unincorporated Vic,BARWITE,
Unincorporated Vic,MANSFIELD,
Unincorporated Vic,MIRIMBAH,
Murrindindi,ARCHERTON,32.7
Murrindindi,BARJARG,32.7
Murrindindi,BOOROLITE,32.7
Murrindindi,BRIDGE CREEK,32.7
Murrindindi,DELATITE,32.7
Murrindindi,ENOCHS POINT,32.7
Murrindindi,GAFFNEYS CREEK,32.7
Murrindindi,GOUGHS BAY,32.7
Murrindindi,HOWES CREEK,32.7
Murrindindi,HOWQUA,32.7
Murrindindi,HOWQUA HILLS,32.7
Murrindindi,HOWQUA INLET,32.7
Murrindindi,JAMIESON,32.7
Murrindindi,KEVINGTON,32.7
Murrindindi,KNOCKWOOD,32.7
Murrindindi,MACS COVE,32.7
Murrindindi,MAINDAMPLE,32.7
Murrindindi,MATLOCK,32.7
Murrindindi,MERRIJIG,32.7
Murrindindi,MOUNT BULLER,32.7
Murrindindi,MOUNTAIN BAY,32.7
Murrindindi,NILLAHCOOTIE,32.7
Murrindindi,PIRIES,32.7
Murrindindi,SAWMILL SETTLEMENT,32.7
Murrindindi,TOLMIE,32.7
Murrindindi,WOODS POINT,32.7
Mansfield,MANSFIELD,33.9
Greater Shepparton,BOXWOOD,34.4
Greater Shepparton,CHESNEY VALE,34.4
Greater Shepparton,GOORAMBAT,34.4
Greater Shepparton,MAJOR PLAINS,34.4
Greater Shepparton,STEWARTON,34.4
Benalla,BUNGEET,31.2
Benalla,BUNGEET WEST,31.2
Benalla,DEVENISH,31.2
Benalla,THOONA,31.2
Moira,ALMONDS,34.6
Moira,LAKE ROWAN,34.6
Moira,PELLUEBLA,34.6
Moira,ST JAMES,34.6
Moira,WAGGARANDALL,34.6
Moira,YUNDOOL,34.6
Moira,BOOMAHNOOMOONAH,34.6
Moira,TUNGAMAH,34.6
Moira,WILBY,34.6
Moira,YOUARANG,34.6
Moira,BATHUMI,34.6
Moira,BOOSEY,34.6
Moira,BUNDALONG,34.6
Moira,BUNDALONG SOUTH,34.6
Moira,BURRAMINE,34.6
Moira,BURRAMINE SOUTH,34.6
Moira,ESMOND,34.6
Moira,TELFORD,34.6
Moira,YARRAWONGA,34.6
Moira,YARRAWONGA SOUTH,34.6
Wangaratta,MOYHU,32.6
Wangaratta,MYRRHEE,32.6
Wangaratta,WHITFIELD,32.6
Wangaratta,BOWMANS FOREST,32.6
Wangaratta,WHOROULY,32.6
Wangaratta,WHOROULY EAST,32.6
Wangaratta,WHOROULY SOUTH,32.6
Wangaratta,MYRTLEFORD,32.6
Wangaratta,ABBEYARD,32.6
Wangaratta,BARWIDGEE,32.6
Wangaratta,BUFFALO RIVER,32.6
Wangaratta,DANDONGADALE,32.6
Wangaratta,GAPSTED,32.6
Wangaratta,HAVILAH,32.6
Wangaratta,HAVILLAH,32.6
Wangaratta,MERRIANG,32.6
Wangaratta,MERRIANG SOUTH,32.6
Wangaratta,MUDGEGONGA,32.6
Wangaratta,MYRTLEFORD,32.6
Wangaratta,NUG NUG,32.6
Wangaratta,ROSEWHITE,32.6
Wangaratta,SELWYN,32.6
Wangaratta,WONNANGATTA,32.6
Alpine,OVENS,34.1
Alpine,EUROBIN,34.1
Alpine,BUCKLAND,34.1
Alpine,MOUNT BUFFALO,34.1
Alpine,POREPUNKAH,34.1
Unincorporated Vic,BRIGHT,
Unincorporated Vic,FREEBURGH,
Unincorporated Vic,GERMANTOWN,
Unincorporated Vic,HARRIETVILLE,
Unincorporated Vic,HOTHAM HEIGHTS,
Unincorporated Vic,MOUNT HOTHAM,
Unincorporated Vic,SMOKO,
Alpine,WANDILIGONG,34.1
Wangaratta,ELDORADO,32.6
Wangaratta,BAARMUTHA,32.6
Wangaratta,BEECHWORTH,32.6
Wangaratta,HURDLE FLAT,32.6
Wangaratta,MURMUNGEE,32.6
Wangaratta,SILVER CREEK,32.6
Wangaratta,STANLEY,32.6
Wangaratta,WOOLSHED,32.6
Wangaratta,WOORAGEE,32.6
Indigo,BRUARONG,32.7
Indigo,YACKANDANDAH,32.7
Whittlesea,WOLLERT,30.8
Whittlesea,WOODSTOCK,30.8
Whittlesea,MORANG SOUTH,30.8
Whittlesea,SOUTH MORANG,30.8
Whittlesea,BEVERIDGE,30.8
Nillumbik,DOREEN,22.8
Nillumbik,MERNDA,22.8
Nillumbik,YAN YEAN,22.8
Macedon Ranges,CHINTIN,29.6
Macedon Ranges,DARRAWEIT GUIM,29.6
Macedon Ranges,HIDDEN VALLEY,29.6
Macedon Ranges,UPPER PLENTY,29.6
Macedon Ranges,WALLAN,29.6
Macedon Ranges,WALLAN EAST,29.6
Nillumbik,BRUCES CREEK,22.8
Nillumbik,EDEN PARK,22.8
Nillumbik,HUMEVALE,22.8
Nillumbik,KINGLAKE CENTRAL,22.8
Nillumbik,KINGLAKE WEST,22.8
Nillumbik,PHEASANT CREEK,22.8
Nillumbik,WHITTLESEA,22.8
Mitchell,HEATHCOTE JUNCTION,33.6
Mitchell,WANDONG,33.6
Nillumbik,PANTON HILL,22.8
Nillumbik,SMITHS GULLY,22.8
Nillumbik,SMITHS GULLY,22.8
Nillumbik,ST ANDREWS,22.8
Macedon Ranges,BYLANDS,29.6
Nillumbik,KINGLAKE,22.8
Nillumbik,MOUNT SLIDE,22.8
Macedon Ranges,FORBES,29.6
Macedon Ranges,GLENAROUA,29.6
Macedon Ranges,HIGH CAMP,29.6
Macedon Ranges,KILMORE,29.6
Macedon Ranges,KILMORE EAST,29.6
Macedon Ranges,MORANDING,29.6
Macedon Ranges,TANTARABOO,29.6
Macedon Ranges,WILLOWMAVIN,29.6
Yarra Ranges,MONTROSE,27.1
Yarra Ranges,KALORAMA,27.1
Yarra Ranges,MOUNT DANDENONG,27.1
Yarra Ranges,COLDSTREAM,27.1
Yarra Ranges,GRUYERE,27.1
Yarra Ranges,YERING,27.1
Nillumbik,CHRISTMAS HILLS,22.8
Nillumbik,DIXONS CREEK,22.8
Nillumbik,STEELS CREEK,22.8
Nillumbik,TARRAWARRA,22.8
Nillumbik,YARRA GLEN,22.8
Murrindindi,BADGER CREEK,32.7
Murrindindi,CASTELLA,32.7
Murrindindi,CHUM CREEK,32.7
Murrindindi,HEALESVILLE,32.7
Murrindindi,HEALESVILLE MAIN STREET,32.7
Murrindindi,HEALESVILLE POST SHOP,32.7
Murrindindi,MOUNT TOOLEBEWONG,32.7
Murrindindi,TOOLANGI,32.7
Yarra Ranges,FERNSHAW,27.1
Yarra Ranges,NARBETHONG,27.1
Yarra Ranges,CAMBARVILLE,27.1
Yarra Ranges,MARYSVILLE,27.1
Cardinia,COCKATOO,32.4
Cardinia,MOUNT BURNETT,32.4
Cardinia,NANGANA,32.4
Yarra Ranges,AVONSLEIGH,27.1
Yarra Ranges,CLEMATIS,27.1
Yarra Ranges,EMERALD,27.1
Yarra Ranges,MACCLESFIELD,27.1
Cardinia,GEMBROOK,32.4
Yarra Ranges,TREMONT,27.1
Yarra Ranges,FERNY CREEK,27.1
Knox,SASSAFRAS,24.5
Knox,SASSAFRAS GULLY,24.5
Yarra Ranges,OLINDA,27.1
Yarra Ranges,SHERBROOKE,27.1
Cardinia,KALLISTA,32.4
Yarra Ranges,THE PATCH,27.1
Yarra Ranges,MONBULK,27.1
Yarra Ranges,SILVAN,27.1
Yarra Ranges,MOUNT EVELYN,27.1
Yarra Ranges,GILDEROY,27.1
Yarra Ranges,GLADYSDALE,27.1
Yarra Ranges,POWELLTOWN,27.1
Yarra Ranges,THREE BRIDGES,27.1
Yarra Ranges,YARRA JUNCTION,27.1
Yarra Ranges,BIG PATS CREEK,27.1
Yarra Ranges,EAST WARBURTON,27.1
Yarra Ranges,MCMAHONS CREEK,27.1
Yarra Ranges,MILLGROVE,27.1
Yarra Ranges,REEFTON,27.1
Yarra Ranges,WARBURTON,27.1
Yarra Ranges,WESBURN,27.1
Monash,MONASH UNIVERSITY,19.7
Casey,ENDEAVOUR HILLS,32.2
Casey,HALLAM,32.2
Yarra Ranges,NARRE WARREN EAST,27.1
Yarra Ranges,NARRE WARREN NORTH,27.1
Casey,FOUNTAIN GATE,32.2
Casey,NARRE WARREN,32.2
Casey,NARRE WARREN SOUTH,32.2
Casey,BERWICK,32.2
Casey,HARKAWAY,32.2
Casey,BEACONSFIELD,32.2
Casey,GUYS HILL,32.2
Cardinia,BEACONSFIELD UPPER,32.4
Cardinia,DEWHURST,32.4
Cardinia,OFFICER,32.4
Cardinia,OFFICER SOUTH,32.4
Cardinia,PAKENHAM,32.4
Cardinia,PAKENHAM SOUTH,32.4
Cardinia,PAKENHAM UPPER,32.4
Cardinia,RYTHDALE,32.4
Cardinia,MARYKNOLL,32.4
Cardinia,NAR NAR GOON,32.4
Cardinia,NAR NAR GOON NORTH,32.4
Cardinia,TYNONG,32.4
Cardinia,TYNONG NORTH,32.4
Cardinia,CORA LYNN,32.4
Cardinia,GARFIELD,32.4
Cardinia,GARFIELD NORTH,32.4
Cardinia,VERVALE,32.4
Cardinia,BUNYIP,32.4
Cardinia,BUNYIP NORTH,32.4
Cardinia,IONA,32.4
Cardinia,TONIMBUK,32.4
Cardinia,LABERTOUCHE,32.4
Cardinia,LONGWARRY,32.4
Cardinia,LONGWARRY NORTH,32.4
Cardinia,MODELLA,32.4
Baw Baw,ATHLONE,32.7
Baw Baw,DROUIN,32.7
Baw Baw,DROUIN EAST,32.7
Baw Baw,DROUIN SOUTH,32.7
Baw Baw,DROUIN WEST,32.7
Baw Baw,HALLORA,32.7
Baw Baw,JINDIVICK,32.7
Baw Baw,RIPPLEBROOK,32.7
Baw Baw,TARAGO,32.7
Baw Baw,BONA VISTA,32.7
Baw Baw,LILLICO,32.7
Baw Baw,WARRAGUL,32.7
Baw Baw,BRANDY CREEK,32.7
Baw Baw,BRAVINGTON,32.7
Baw Baw,BULN BULN,32.7
Baw Baw,BULN BULN EAST,32.7
Baw Baw,CROSSOVER,32.7
Baw Baw,ELLINBANK,32.7
Baw Baw,FERNDALE,32.7
Baw Baw,LARDNER,32.7
Baw Baw,NAYOOK,32.7
Baw Baw,NEERIM JUNCTION,32.7
Baw Baw,NEERIM NORTH,32.7
Baw Baw,NILMA,32.7
Baw Baw,NILMA NORTH,32.7
Baw Baw,ROKEBY,32.7
Baw Baw,SEAVIEW,32.7
Baw Baw,SHADY CREEK,32.7
Baw Baw,TETOORA ROAD,32.7
Baw Baw,TORWOOD,32.7
Baw Baw,WARRAGUL SOUTH,32.7
Baw Baw,WARRAGUL WEST,32.7
Baw Baw,CLOVERLEA,32.7
Baw Baw,DARNUM,32.7
Baw Baw,GAINSBOROUGH,32.7
Baw Baw,ALLAMBEE,32.7
Baw Baw,YARRAGON,32.7
Baw Baw,YARRAGON SOUTH,32.7
Latrobe,CHILDERS,33.8
Latrobe,NARRACAN,33.8
Latrobe,THORPDALE SOUTH,33.8
Latrobe,TRAFALGAR,33.8
Latrobe,TRAFALGAR EAST,33.8
Latrobe,TRAFALGAR SOUTH,33.8
Wellington,ABERFELDY,34.8
Wellington,AMOR,34.8
Wellington,BOOLA,34.8
Wellington,CARINGAL,34.8
Wellington,COALVILLE,34.8
Wellington,COOPERS CREEK,34.8
Wellington,ERICA,34.8
Wellington,FUMINA,34.8
Wellington,FUMINA SOUTH,34.8
Wellington,HERNES OAK,34.8
Wellington,HILL END,34.8
Wellington,JACOB CREEK,34.8
Wellington,JERICHO,34.8
Wellington,MOE,34.8
Wellington,MOE SOUTH,34.8
Wellington,MOONDARRA,34.8
Wellington,NEWBOROUGH,34.8
Wellington,NEWBOROUGH EAST,34.8
Wellington,RAWSON,34.8
Wellington,TANJIL,34.8
Wellington,TANJIL SOUTH,34.8
Wellington,THALLOO,34.8
Wellington,THALOO,34.8
Wellington,THOMSON,34.8
Wellington,TOOMBON,34.8
Wellington,WALHALLA,34.8
Wellington,WALHALLA EAST,34.8
Wellington,WESTBURY,34.8
Wellington,WILLOW GROVE,34.8
Wellington,YALLOURN,34.8
Wellington,YALLOURN NORTH,34.8
Baw Baw,NEERIM,32.7
Baw Baw,NEERIM EAST,32.7
Baw Baw,NEERIM SOUTH,32.7
Baw Baw,NAYOOK,32.7
Baw Baw,NEERIM JUNCTION,32.7
Baw Baw,NEERIM NORTH,32.7
Yarra Ranges,ADA,27.1
Yarra Ranges,BAW BAW,27.1
Yarra Ranges,BAW BAW VILLAGE,27.1
Yarra Ranges,GENTLE ANNIE,27.1
Yarra Ranges,ICY CREEK,27.1
Yarra Ranges,LOCH VALLEY,27.1
Yarra Ranges,MT BAW BAW,27.1
Yarra Ranges,NOOJEE,27.1
Yarra Ranges,PIEDMONT,27.1
Yarra Ranges,TANJIL BREN,27.1
Yarra Ranges,TOORONGO,27.1
Yarra Ranges,VESPER,27.1
South Gippsland,THORPDALE,31.2
Latrobe),DRIFFIELD,
Latrobe,HAZELWOOD,33.8
Latrobe,HAZELWOOD NORTH,33.8
Latrobe,HAZELWOOD SOUTH,33.8
Latrobe,JEERALANG,33.8
Latrobe,JEERALANG JUNCTION,33.8
Latrobe,MARYVALE,33.8
Latrobe,MID VALLEY,33.8
Latrobe,MORWELL,33.8
Latrobe,MORWELL EAST,33.8
Latrobe,MORWELL UPPER,33.8
Wellington,GIPPSLAND MC,34.8
Latrobe,CHURCHILL,33.8
Wellington,BLACKWARRY,34.8
Wellington,CALLIGNEE,34.8
Wellington,CALLIGNEE NORTH,34.8
Wellington,CALLIGNEE SOUTH,34.8
Wellington,CARRAJUNG,34.8
Wellington,CARRAJUNG LOWER,34.8
Wellington,CARRAJUNG SOUTH,34.8
Wellington,FLYNN,34.8
Wellington,FLYNNS CREEK,34.8
Wellington,KOORNALLA,34.8
Wellington,LOY YANG,34.8
Wellington,MOUNT TASSIE,34.8
Wellington,TRARALGON,34.8
Wellington,TRARALGON EAST,34.8
Wellington,TRARALGON SOUTH,34.8
Wellington,TYERS,34.8
Wellington,WILLUNG SOUTH,34.8
Wellington,HIAMDALE,34.8
Wellington,NAMBROK,34.8
Wellington,ROSEDALE,34.8
Wellington,WILLUNG,34.8
Wellington,WILLUNG SOUTH,34.8
Wellington,GIFFARD,34.8
Wellington,GUTHRIDGE,34.8
Wellington,SALE,34.8
Wellington,SALE NORTH,34.8
Wellington,WURRUK,34.8
Wellington,AIRLY,34.8
Wellington,BUNDALAGUAH,34.8
Wellington,CLYDEBANK,34.8
Wellington,COBAINS,34.8
Wellington,DARRIMAN,34.8
Wellington,DUTSON,34.8
Wellington,DUTSON DOWNS,34.8
Wellington,FLAMINGO BEACH,34.8
Wellington,FULHAM,34.8
Wellington,GIFFARD,34.8
Wellington,GIFFARD WEST,34.8
Wellington,GLOMAR BEACH,34.8
Wellington,GOLDEN BEACH,34.8
Wellington,KILMANY,34.8
Wellington,LAKE WELLINGTON,34.8
Wellington,LOCH SPORT,34.8
Wellington,LONGFORD,34.8
Wellington,MONTGOMERY,34.8
Wellington,MYRTLEBANK,34.8
Wellington,PARADISE BEACH,34.8
Wellington,PEARSONDALE,34.8
Wellington,SEACOMBE,34.8
Wellington,SEASPRAY,34.8
Wellington,SOMERTON PARK,34.8
Wellington,STRADBROKE,34.8
Wellington,THE HEART,34.8
Wellington,THE HONEYSUCKLES,34.8
Wellington,EAST SALE,34.8
Wellington,EAST SALE RAAF,34.8
Wellington,SALE EAST RAAF,34.8
Baw Baw,SALE,32.7
Baw Baw,GLENGARRY,32.7
Baw Baw,GLENGARRY NORTH,32.7
Baw Baw,GLENGARRY WEST,32.7
Baw Baw,TOONGABBIE,32.7
Latrobe,COWWARR,33.8
Mansfield,ARBUCKLE,33.9
Mansfield,BILLABONG,33.9
Mansfield,BURAGWONDUC,33.9
Mansfield,CROOKAYAN,33.9
Mansfield,DAWSON,33.9
Mansfield,DENISON,33.9
Mansfield,GILLUM,33.9
Mansfield,GLEN FALLOCH,33.9
Mansfield,GLENFALLOCH,33.9
Mansfield,GLENMAGGIE,33.9
Mansfield,HEYFIELD,33.9
Mansfield,HOWITT PLAINS,33.9
Mansfield,LICOLA,33.9
Mansfield,LICOLA NORTH,33.9
Mansfield,REYNARD,33.9
Mansfield,SARGOOD,33.9
Mansfield,SEATON,33.9
Mansfield,TAMBORITHA,33.9
Mansfield,WINNINDOO,33.9
Mansfield,WORROWING,33.9
Mansfield,YANGOURA,33.9
Wellington,MAFFRA WEST UPPER,34.8
Wellington,MEWBURN PARK,34.8
Wellington,NEWRY,34.8
Wellington,TINAMBA,34.8
Wellington,TINAMBA WEST,34.8
Wellington,BOISDALE,34.8
Wellington,BRIAGOLONG,34.8
Wellington,BUSHY PARK,34.8
Wellington,COONGULLA,34.8
Wellington,KOOROOL,34.8
Wellington,MAFFRA,34.8
Wellington,MONOMAK,34.8
Wellington,MOROKA,34.8
Wellington,NAP NAP MARRA,34.8
Wellington,NUNTIN,34.8
Wellington,RIVERSLEA,34.8
Wellington,TOOLOME,34.8
Wellington,VALENCIA CREEK,34.8
Wellington,WOOLENOOK,34.8
Wellington,WRATHUNG,34.8
Wellington,WRIXON,34.8
Alpine,BUDGEE BUDGEE,34.1
Alpine,CASTLEBURN,34.1
Alpine,COBBANNAH,34.1
Alpine,COWA,34.1
Alpine,CROOKED RIVER,34.1
Alpine,DARGO,34.1
Alpine,HAWKHURST,34.1
Alpine,HOLLANDS LANDING,34.1
Alpine,LLOWALONG,34.1
Alpine,MEERLIEU,34.1
Alpine,MIOWERA,34.1
Alpine,MOORNAPA,34.1
Alpine,MUNRO,34.1
Alpine,PERRY BRIDGE,34.1
Alpine,STOCKDALE,34.1
Alpine,STRATFORD,34.1
Alpine,WATERFORD,34.1
Alpine,WONGUNGARRA,34.1
Wellington,FERNBANK,34.8
Wellington,GLENALADALE,34.8
Wellington,THE FINGERBOARD,34.8
East Gippsland,LINDENOW,33.9
Latrobe,JUMBUK,33.8
Latrobe,YINNAR,33.8
Latrobe,YINNAR SOUTH,33.8
Wellington,BOOLARRA,34.8
Wellington,BOOLARRA SOUTH,34.8
Wellington,BUDGEREE,34.8
Wellington,BUDGEREE EAST,34.8
Wellington,GRAND RIDGE,34.8
Wellington,JOHNSTONES HILL,34.8
Wellington,MIRBOO EAST,34.8
Baw Baw,ALLAMBEE RESERVE,32.7
Baw Baw,ALLAMBEE SOUTH,32.7
Baw Baw,BAROMI,32.7
Baw Baw,DARLIMURLA,32.7
Baw Baw,DELBURN,32.7
Baw Baw,DOLLAR,32.7
Baw Baw,LIMONITE,32.7
Baw Baw,MIRBOO,32.7
Baw Baw,MIRBOO NORTH,32.7
Baw Baw,TARWIN EAST,32.7
Wellington,GORMANDALE,34.8
Wellington,CARRAJUNG SOUTH,34.8
Wellington,CHERRILONG,34.8
Wellington,MCLOUGHLINS BEACH,34.8
Wellington,WOODSIDE,34.8
Wellington,WOODSIDE BEACH,34.8
Wellington,WOODSIDE NORTH,34.8
East Gippsland,BAIRNSDALE,33.9
East Gippsland,BANKSIA PENINSULA,33.9
East Gippsland,BENGWORDEN,33.9
East Gippsland,BROADLANDS,33.9
East Gippsland,BULLUMWAAL,33.9
East Gippsland,CALULU,33.9
East Gippsland,CLIFTON CREEK,33.9
East Gippsland,DEPTFORD,33.9
East Gippsland,EAST BAIRNSDALE,33.9
East Gippsland,EASTWOOD,33.9
East Gippsland,ELLASWOOD,33.9
East Gippsland,FAIRY DELL,33.9
East Gippsland,FLAGGY CREEK,33.9
East Gippsland,FORGE CREEK,33.9
East Gippsland,GOON NURE,33.9
East Gippsland,GRANITE ROCK,33.9
East Gippsland,HILLSIDE,33.9
East Gippsland,HOLLANDS LANDING,33.9
East Gippsland,IGUANA CREEK,33.9
East Gippsland,LINDENOW SOUTH,33.9
East Gippsland,LUCKNOW,33.9
East Gippsland,MARTHAVALE,33.9
East Gippsland,MELWOOD,33.9
East Gippsland,MERRIJIG,33.9
East Gippsland,MOUNT TAYLOR,33.9
East Gippsland,NEWLANDS ARM,33.9
East Gippsland,RYANS,33.9
East Gippsland,SARSFIELD,33.9
East Gippsland,TABBERABBERA,33.9
East Gippsland,WALPA,33.9
East Gippsland,WATERHOLES,33.9
East Gippsland,WENTWORTH,33.9
East Gippsland,WOODGLEN,33.9
East Gippsland,WUK WUK,33.9
East Gippsland,WY YUNG,33.9
East Gippsland,EAGLE POINT,33.9
Wellington,BOOLE POOLE,34.8
Wellington,OCEAN GRANGE,34.8
Wellington,PAYNESVILLE,34.8
Wellington,RAYMOND ISLAND,34.8
East Gippsland,NICHOLSON,33.9
East Gippsland,BRUMBY,33.9
East Gippsland,BRUTHEN,33.9
East Gippsland,BUCHAN,33.9
East Gippsland,BUCHAN SOUTH,33.9
East Gippsland,BUTCHERS RIDGE,33.9
East Gippsland,GELANTIPY,33.9
East Gippsland,MOSSIFACE,33.9
East Gippsland,MURRINDAL,33.9
East Gippsland,SUGGAN BUGGAN,33.9
East Gippsland,TAMBO UPPER,33.9
East Gippsland,TIMBARRA,33.9
East Gippsland,W TREE,33.9
East Gippsland,WISELEIGH,33.9
East Gippsland,WULGULMERANG,33.9
East Gippsland,WULGULMERANG EAST,33.9
East Gippsland,WULGULMERANG WEST,33.9
East Gippsland,YALMY,33.9
East Gippsland,NEWMERELLA,33.9
East Gippsland,LAKE TYERS,33.9
East Gippsland,NOWA NOWA,33.9
East Gippsland,WAIREWA,33.9
East Gippsland,BENDOC,33.9
East Gippsland,BETE BOLONG,33.9
East Gippsland,BETE BOLONG NORTH,33.9
East Gippsland,BONANG,33.9
East Gippsland,BRODRIBB RIVER,33.9
East Gippsland,CABANANDRA,33.9
East Gippsland,CAPE CONRAN,33.9
East Gippsland,CORRINGLE,33.9
East Gippsland,DEDDICK VALLEY,33.9
East Gippsland,DELEGATE RIVER,33.9
East Gippsland,DELEGATE RIVER EAST,33.9
East Gippsland,DELLICKNORA,33.9
East Gippsland,GOONGERAH,33.9
East Gippsland,HAYDENS BOG,33.9
East Gippsland,JARRAHMOND,33.9
East Gippsland,LOCHEND,33.9
East Gippsland,MARLO,33.9
East Gippsland,MARTINS CREEK,33.9
East Gippsland,NURRAN,33.9
East Gippsland,OMEO VALLEY,33.9
East Gippsland,ORBOST,33.9
East Gippsland,SIMPSONS CREEK,33.9
East Gippsland,TOSTAREE,33.9
East Gippsland,TUBBUT,33.9
East Gippsland,WAYGARA,33.9
East Gippsland,WOMBAT CREEK,33.9
East Gippsland,BELL BIRD CREEK,33.9
East Gippsland,BELLBIRD CREEK,33.9
East Gippsland,BEMM RIVER,33.9
East Gippsland,CABBAGE TREE CREEK,33.9
East Gippsland,CLUB TERRACE,33.9
East Gippsland,COMBIENBAR,33.9
East Gippsland,ERRINUNDRA,33.9
East Gippsland,MANORINA,33.9
East Gippsland,BULDAH,33.9
East Gippsland,CANN RIVER,33.9
East Gippsland,CHANDLERS CREEK,33.9
East Gippsland,NOORINBEE,33.9
East Gippsland,NOORINBEE NORTH,33.9
East Gippsland,TAMBOON,33.9
East Gippsland,TONGHI CREEK,33.9
East Gippsland,WEERAGUA,33.9
East Gippsland,GENOA,33.9
East Gippsland,GIPSY POINT,33.9
East Gippsland,MARAMINGO CREEK,33.9
East Gippsland,WALLAGARAUGH,33.9
East Gippsland,WANGARABELL,33.9
East Gippsland,WINGAN RIVER,33.9
East Gippsland,WROXHAM,33.9
East Gippsland,MALLACOOTA,33.9
East Gippsland,DOUBLE BRIDGES,33.9
East Gippsland,STIRLING,33.9
East Gippsland,TAMBO CROSSING,33.9
East Gippsland,DOCTORS FLAT,33.9
East Gippsland,ENSAY,33.9
East Gippsland,ENSAY NORTH,33.9
East Gippsland,REEDY CREEK,33.9
East Gippsland,REEDY FLAT,33.9
East Gippsland,BINDI,33.9
East Gippsland,BROOKVILLE,33.9
East Gippsland,NUNNIONG,33.9
East Gippsland,SWIFTS CREEK,33.9
East Gippsland,TONGIO,33.9
Alpine,ANGLERS REST,34.1
Alpine,BINGO,34.1
Alpine,BINGO MUNJIE,34.1
Alpine,BUNDARA,34.1
Alpine,CASSILIS,34.1
Alpine,COBUNGRA,34.1
Alpine,DINNER PLAIN,34.1
Alpine,GLEN VALLEY,34.1
Alpine,GLEN WILLS,34.1
Alpine,HINNOMUNJIE,34.1
Alpine,OMEO,34.1
Alpine,OMEO VALLEY,34.1
Alpine,SHANNONVALE,34.1
Snowy Valleys,BENAMBRA,
Snowy Valleys,COBBERAS,
Snowy Valleys,UPLANDS,
East Gippsland,BUMBERRAH,33.9
East Gippsland,JOHNSONVILLE,33.9
East Gippsland,SWAN REACH,33.9
East Gippsland,METUNG,33.9
East Gippsland,KALIMNA,33.9
East Gippsland,KALIMNA WEST,33.9
East Gippsland,LAKE BUNGA,33.9
East Gippsland,LAKE TYERS BEACH,33.9
East Gippsland,LAKES ENTRANCE,33.9
East Gippsland,NUNGURNER,33.9
East Gippsland,NYERIMILANG,33.9
East Gippsland,TOORLOO ARM,33.9
Frankston,LANGWARRIN,30.8
Frankston,BAXTER,30.8
Frankston,LANGWARRIN SOUTH,30.8
Casey,PEARCEDALE,32.2
Casey,SOMERVILLE,32.2
Mornington Peninsula,TYABB,27.4
Mornington Peninsula,HASTINGS,27.4
Mornington Peninsula,TUERONG,27.4
Mornington Peninsula,MERRICKS,27.4
Mornington Peninsula,POINT LEO,27.4
Mornington Peninsula,SHOREHAM,27.4
Mornington Peninsula,BITTERN,27.4
Mornington Peninsula,CRIB POINT,27.4
Mornington Peninsula,FLINDERS NAVAL DEPOT,27.4
Mornington Peninsula,HMAS CERBERUS,27.4
Unincorporated Vic,ELIZABETH ISLAND,
Unincorporated Vic,FRENCH ISLAND,
Unincorporated Vic,TANKERTON,
Bass Coast,COWES,31.0
Bass Coast,SILVERLEAVES,31.0
Bass Coast,SMITHS BEACH,31.0
Bass Coast,SUMMERLANDS,31.0
Bass Coast,SUNDERLAND BAY,31.0
Bass Coast,SUNSET STRIP,31.0
Bass Coast,SURF BEACH,31.0
Bass Coast,VENTNOR,31.0
Bass Coast,WIMBLEDON HEIGHTS,31.0
Bass Coast,RHYLL,31.0
Bass Coast,CAPE WOOLAMAI,31.0
Bass Coast,CHURCHILL ISLAND,31.0
Bass Coast,NEWHAVEN,31.0
Bass Coast,SAN REMO,31.0
Mornington Peninsula,BALNARRING,27.4
Mornington Peninsula,BALNARRING BEACH,27.4
Mornington Peninsula,MERRICKS BEACH,27.4
Mornington Peninsula,MERRICKS NORTH,27.4
Mornington Peninsula,SOMERS,27.4
Mornington Peninsula,MAIN RIDGE,27.4
Mornington Peninsula,FLINDERS,27.4
Mornington Peninsula,KUNYUNG,27.4
Mornington Peninsula,MOUNT ELIZA,27.4
Mornington Peninsula,MORNINGTON,27.4
Mornington Peninsula,MOOROODUC,27.4
Mornington Peninsula,MOUNT MARTHA,27.4
Mornington Peninsula,ARTHURS SEAT,27.4
Mornington Peninsula,DROMANA,27.4
Mornington Peninsula,SAFETY BEACH,27.4
Mornington Peninsula,RED HILL,27.4
Mornington Peninsula,RED HILL SOUTH,27.4
Mornington Peninsula,MCCRAE,27.4
Mornington Peninsula,BONEO,27.4
Mornington Peninsula,CAPE SCHANCK,27.4
Mornington Peninsula,FINGAL,27.4
Mornington Peninsula,ROSEBUD,27.4
Mornington Peninsula,ROSEBUD PLAZA,27.4
Mornington Peninsula,CAPEL SOUND,27.4
Mornington Peninsula,ROSEBUD WEST,27.4
Mornington Peninsula,RYE,27.4
Mornington Peninsula,ST ANDREWS BEACH,27.4
Mornington Peninsula,TOOTGAROOK,27.4
Mornington Peninsula,BLAIRGOWRIE,27.4
Mornington Peninsula,SORRENTO,27.4
Mornington Peninsula,PORTSEA,27.4
Bass Coast,BELLVIEW,31.0
Bass Coast,JEETHO,31.0
Bass Coast,KROWERA,31.0
Bass Coast,LOCH,31.0
Bass Coast,WOODLEIGH,31.0
South Gippsland,BENA,31.2
Baw Baw,KARDELLA SOUTH,32.7
Baw Baw,KORUMBURRA,32.7
Baw Baw,KORUMBURRA SOUTH,32.7
Baw Baw,STRZELECKI,32.7
Baw Baw,WHITELAW,32.7
Bass Coast,ARAWATA,31.0
Bass Coast,FAIRBANK,31.0
Bass Coast,JUMBUNNA,31.0
Bass Coast,KARDELLA,31.0
Bass Coast,KONGWAK,31.0
Bass Coast,MOYARRA,31.0
Bass Coast,OUTTRIM,31.0
Bass Coast,RANCEBY,31.0
Baw Baw,BERRYS CREEK,32.7
Baw Baw,BOOROOL,32.7
Baw Baw,HALLSTON,32.7
Baw Baw,KOOROOMAN,32.7
Baw Baw,LEONGATHA,32.7
Baw Baw,LEONGATHA NORTH,32.7
Baw Baw,LEONGATHA SOUTH,32.7
Baw Baw,MARDAN,32.7
Baw Baw,MOUNT ECCLES,32.7
Baw Baw,MOUNT ECCLES SOUTH,32.7
Baw Baw,NERRENA,32.7
Baw Baw,RUBY,32.7
Baw Baw,TRIDA,32.7
Baw Baw,WILD DOG VALLEY,32.7
Baw Baw,WOOREEN,32.7
South Gippsland,KOONWARRA,31.2
South Gippsland,DUMBALK,31.2
South Gippsland,DUMBALK NORTH,31.2
South Gippsland,MEENIYAN,31.2
South Gippsland,MIDDLE TARWIN,31.2
South Gippsland,MIRBOO SOUTH,31.2
South Gippsland,TARWIN,31.2
South Gippsland,TARWIN LOWER,31.2
South Gippsland,VENUS BAY,31.2
South Gippsland,WALKERVILLE,31.2
South Gippsland,WALKERVILLE NORTH,31.2
South Gippsland,WALKERVILLE SOUTH,31.2
South Gippsland,GRASSY SPUR,31.2
South Gippsland,STONY CREEK,31.2
South Gippsland,BUFFALO,31.2
South Gippsland,BUFFALO CREEK,31.2
South Gippsland,FISH CREEK,31.2
South Gippsland,HODDLE,31.2
South Gippsland,SANDY POINT,31.2
South Gippsland,WARATAH BAY,31.2
South Gippsland,WARATAH NORTH,31.2
South Gippsland,BENNISON,31.2
South Gippsland,BOOLARONG,31.2
South Gippsland,FOSTER,31.2
South Gippsland,FOSTER NORTH,31.2
South Gippsland,GUNYAH,31.2
South Gippsland,MOUNT BEST,31.2
South Gippsland,RUMBUG,31.2
South Gippsland,SHALLOW INLET,31.2
South Gippsland,TIDAL RIVER,31.2
South Gippsland,TURTONS CREEK,31.2
South Gippsland,WILSONS PROMONTORY,31.2
South Gippsland,WONGA,31.2
South Gippsland,WOORARRA WEST,31.2
South Gippsland,YANAKIE,31.2
Wellington,AGNES,34.8
Wellington,CHRISTIES,34.8
Wellington,GRAND RIDGE,34.8
Wellington,TOORA,34.8
Wellington,TOORA NORTH,34.8
Wellington,WONYIP,34.8
Wellington,WOORARRA,34.8
Wellington,WOORARRA EAST,34.8
South Gippsland,PORT FRANKLIN,31.2
South Gippsland,PORT WELSHPOOL,31.2
Wellington,BINGINWARRI,34.8
Wellington,HAZEL PARK,34.8
Wellington,WELSHPOOL,34.8
Wellington,HEDLEY,34.8
,ALBERTON,
,ALBERTON WEST,
,BALOOK,
,BAROMI,
,CALROSSIE,
,DEVON NORTH,
,GELLIONDALE,
,HIAWATHA,
,HUNTERSTON,
,JACK RIVER,
,LANGSBOROUGH,
,MACKS CREEK,
,MADALYA,
,MANNS BEACH,
,PORT ALBERT,
,ROBERTSONS BEACH,
,SNAKE ISLAND,
,STACEYS BRIDGE,
,TARRA VALLEY,
,TARRAVILLE,
,WON WRON,
,YARRAM,
Greater Dandenong,LYNBROOK,26.3
Greater Dandenong,LYNDHURST,26.3
Casey,HAMPTON PARK,32.2
Frankston,BOTANIC RIDGE,30.8
Frankston,CANNONS CREEK,30.8
Frankston,CRANBOURNE,30.8
Frankston,CRANBOURNE EAST,30.8
Frankston,CRANBOURNE NORTH,30.8
Frankston,CRANBOURNE SOUTH,30.8
Frankston,CRANBOURNE WEST,30.8
Frankston,DEVON MEADOWS,30.8
Frankston,FIVE WAYS,30.8
Frankston,JUNCTION VILLAGE,30.8
Frankston,SANDHURST,30.8
Frankston,SKYE,30.8
Cardinia,CARDINIA,32.4
Cardinia,CLYDE,32.4
Cardinia,CLYDE NORTH,32.4
Bass Coast,ALMURTA,31.0
Bass Coast,GLEN ALVIE,31.0
Bass Coast,KERNOT,31.0
Bass Coast,KORRINE,31.0
Cardinia,BLIND BIGHT,32.4
Cardinia,TOORADIN,32.4
Cardinia,WARNEET,32.4
Baw Baw,BAYLES,32.7
Baw Baw,CATANI,32.7
Baw Baw,DALMORE,32.7
Baw Baw,HEATH HILL,32.7
Baw Baw,KOO WEE RUP,32.7
Baw Baw,KOO WEE RUP NORTH,32.7
Baw Baw,YANNATHAN,32.7
South Gippsland,ADAMS ESTATE,31.2
South Gippsland,CALDERMEADE,31.2
South Gippsland,CORINELLA,31.2
South Gippsland,CORONET BAY,31.2
South Gippsland,GRANTVILLE,31.2
South Gippsland,JAM JERRUP,31.2
South Gippsland,LANG LANG,31.2
South Gippsland,LANG LANG EAST,31.2
South Gippsland,MONOMEITH,31.2
South Gippsland,PIONEER BAY,31.2
South Gippsland,QUEENSFERRY,31.2
South Gippsland,TENBY POINT,31.2
South Gippsland,THE GURDIES,31.2
Baw Baw,NYORA,32.7
Baw Baw,MOUNTAIN VIEW,32.7
Baw Baw,POOWONG,32.7
Baw Baw,POOWONG EAST,32.7
Baw Baw,POOWONG NORTH,32.7
Mildura,ST HELIER,35.6
Bass Coast,GLEN FORBES,31.0
Bass Coast,BASS,31.0
Bass Coast,BLACKWOOD FOREST,31.0
Bass Coast,DALYSTON,31.0
Bass Coast,RYANSTON,31.0
Bass Coast,WEST CREEK,31.0
Bass Coast,ANDERSON,31.0
Bass Coast,ARCHIES CREEK,31.0
Bass Coast,CAPE PATERSON,31.0
Bass Coast,HARMERS HAVEN,31.0
Bass Coast,HICKSBOROUGH,31.0
Bass Coast,KILCUNDA,31.0
Bass Coast,LANCE CREEK,31.0
Bass Coast,NORTH WONTHAGGI,31.0
Bass Coast,POWLETT RIVER,31.0
Bass Coast,SOUTH DUDLEY,31.0
Bass Coast,ST CLAIR,31.0
Bass Coast,WATTLE BANK,31.0
Bass Coast,WONTHAGGI,31.0
Bass Coast,WOOLAMAI,31.0
South Gippsland,INVERLOCH,31.2
South Gippsland,POUND CREEK,31.2
