Council,State,Adults - Obesity - ASR,Adults - Obesity - Number,Adults - Overweight/Obese - ASR,Adults- Overweight/Obese - Number,Youth - Obesity - ASR,Youth - Obesity - number,Youth - Overweight/Obesity - ASR,Youth - Overweight/Obesity - number,"ASR - Age standardised rate, Youth 2-17 years, Adults 18+"
Unincorporated,ACT,24.2,"69,785",63.5,"183,811",4.6,"3,533",24,"18,027",
Albury,NSW,36.2,"13,972",69.7,"26,773",7.4,815,23.1,"2,573",
Armidale Dumaresq,NSW,32.8,"5,777",65.6,"11,471",7.2,371,22.2,"1,173",
Ashfield,NSW,19.8,"6,636",55.5,"19,012",6.4,438,24.6,"1,636",
Auburn,NSW,22.5,"13,712",58.1,"36,165",12.1,"2,116",31.2,"5,277",
Ballina,NSW,30.6,"10,516",64.3,"21,703",6.1,511,21.4,"1,844",
Balranald,NSW,39.2,723,73.9,"1,341",9.8,49,28,143,
Bankstown,NSW,27.5,"40,185",63.5,"93,271",10.1,"4,590",27.3,"12,361",
Bathurst Regional,NSW,36.7,"10,954",70.7,"20,944",7.9,729,23,"2,167",
Bega Valley,NSW,31.3,"8,883",65.1,"17,990",6.8,437,21.7,"1,432",
Bellingen,NSW,35.6,"3,726",69.2,"7,084",7.3,208,22.1,646,
Berrigan,NSW,36.7,"2,532",70.9,"4,813",6.9,109,23.7,381,
Blacktown,NSW,30.6,"72,705",67.1,"160,354",10,"8,052",27.8,"22,289",
Bland,NSW,40,"1,889",74.7,"3,479",7.9,106,25.1,343,
Blayney,NSW,42.6,"2,314",75.3,"4,033",8.3,154,23.7,451,
Blue Mountains,NSW,26.2,"16,678",63.5,"39,715",6.4,"1,025",22.2,"3,615",
Bogan,NSW,42.2,951,76.8,"1,720",8.5,59,25.6,175,
Bombala ,NSW,37.6,731,72.9,"1,390",6.7,31,25.3,121,
Boorowa,NSW,36.3,701,70.2,"1,330",7.5,44,23.4,141,
Botany Bay,NSW,25.8,"9,077",62,"22,174",7.8,646,25.8,"2,092",
Bourke,NSW,,,,,,,,,
Brewarrina,NSW,,,,,,,,,
Broken Hill,NSW,37.2,"5,464",70,"10,174",10.5,397,27.9,"1,081",
Burwood,NSW,19.4,"5,349",54.7,"15,347",6.5,377,23.7,"1,371",
Byron,NSW,27.3,"7,118",60.7,"15,503",6.2,411,21.2,"1,413",
Cabonne,NSW,38.6,"3,954",73,"7,407",7.7,265,24.3,843,
Camden,NSW,33.8,"17,050",71.2,"36,093",7.8,"1,402",23.7,"4,223",
Campbelltown,NSW,33.4,"38,837",70,"81,217",9.8,"3,420",27.1,"9,497",
Canada Bay,NSW,20.6,"14,170",57,"39,780",5.5,826,22.4,"3,234",
Canterbury,NSW,24.8,"28,034",60.2,"68,666",9.5,"2,901",28,"8,343",
Carrathool,NSW,42.1,841,77.2,"1,522",8,53,25.1,169,
Central Darling ,NSW,37.2,590,70,"1,098",10.5,43,27.9,117,
Cessnock,NSW,40.2,"16,405",73.6,"29,789",9.7,"1,246",26,"3,351",
Clarence Valley,NSW,38.7,"16,030",72.2,"29,232",8.3,866,23.1,"2,477",
Cobar,NSW,42.2,"1,549",76.8,"2,801",8.5,97,25.6,285,
Coffs Harbour,NSW,34.5,"19,688",67.9,"38,118",7.5,"1,162",22.1,"3,503",
Conargo,NSW,37.7,505,72.4,950,9.2,29,25.1,80,
Coolamon,NSW,40.7,"1,262",75.6,"2,299",8,79,24.3,245,
Cooma-Monaro,NSW,32.8,"2,571",66.7,"5,144",6.8,147,24.5,531,
Coonamble,NSW,42.2,"1,324",76.8,"2,394",8.5,83,25.6,244,
Cootamundra,NSW,40.5,"2,374",74.4,"4,287",8.1,135,25.6,435,
Corowa Shire,NSW,36.7,"3,454",70.9,"6,566",6.9,148,23.7,520,
Corwa,NSW,36.2,"3,551",69,"6,684",8.3,220,24.9,681,
Deniliquin,NSW,33.5,"1,947",67.6,"3,894",7.9,119,25.9,389,
Dubbo,NSW,39.7,"11,816",72.4,"21,453",8.2,828,23.9,"2,429",
Dungog,NSW,38.3,"2,851",72.6,"5,305",7.1,135,23.1,450,
Eurobodalla,NSW,31.3,"10,128",64.5,"20,360",7.5,529,21.7,"1,569",
Fairfield,NSW,25.9,"39,617",60.7,"92,825",11.1,"4,814",30.1,"13,137",
Forbes,NSW,42.5,"3,098",77,"5,570",8.2,178,25.1,543,
Gilgandra,NSW,40.9,"1,410",74.4,"2,521",8.5,86,25.3,260,
Glen Innes Severn,NSW,40.5,"2,985",73.2,"5,266",8.6,149,25.4,447,
Gloucester,NSW,38.7,"1,771",72.5,"3,219",7.6,75,22.2,225,
Gosford,NSW,29.4,"40,079",66,"89,518",7.1,"2,402",22.6,"7,758",
Goulburn Mulwaree,NSW,37.6,"8,326",71.3,"15,607",8,497,23.3,"1,469",
Great Lakes,NSW,35.9,"11,454",69.3,"21,648",8,494,22.5,"1,429",
Greater Hume Shire,NSW,34.4,"2,735",69,"5,405",6.3,140,22.2,513,
Greater Taree,NSW,37.8,"14,999",70.7,"27,520",8.4,865,23.6,"2,487",
Griffith,NSW,38.1,"7,204",71.5,"13,484",8.1,497,25.7,"1,585",
Gundagai,NSW,40.5,"1,186",74.4,"2,141",8.1,67,25.6,217,
Gunnedah,NSW,39.4,"3,743",72.4,"6,837",9.1,274,25.2,763,
Guyra,NSW,37.3,"1,335",72.5,"2,550",7.1,71,22.9,230,
Gwydir,NSW,40.4,"1,660",74.8,"3,016",8.5,88,26.1,267,
Harden,NSW,36.4,"1,046",70.2,"1,984",7.5,67,23.4,211,
Hawkesbury,NSW,30.5,"14,930",66.9,"33,597",7.4,"1,103",23.4,"3,545",
Hay,NSW,39.2,935,73.9,"1,734",9.8,64,28,185,
Holroyd,NSW,29.5,"24,222",65.4,"54,887",9.2,"2,140",26.4,"5,929",
Hornsby,NSW,18.9,"24,853",55.3,"72,337",5.3,"1,844",21.8,"7,694",
Hunters Hill,NSW,19.3,"2,093",56.3,"6,088",5,142,19.8,557,
Hurtsville,NSW,21.3,"14,121",57.4,"38,437",6.7,"1,064",23.7,"3,733",
Inverell,NSW,38.5,"4,905",71.6,"9,043",9.1,361,24.8,992,
Jerilderie,NSW,37.6,472,71.9,890,7.1,22,24,75,
Junee,NSW,40.5,"1,904",74.4,"3,438",8.1,108,25.5,349,
Kempsey,NSW,38.7,"8,941",72.3,"16,300",9.6,630,25.2,"1,689",
Kiama,NSW,27.3,"4,779",61.9,"10,637",5.6,239,19.8,859,
Kogarah,NSW,21.6,"10,329",57.7,"27,715",6,662,22.2,"2,468",
Ku-ring-gai,NSW,14.2,"13,206",50.4,"46,490",4.4,"1,197",19,"5,438",
Kyogle,NSW,40.1,"3,108",74.3,"5,618",9,184,25.7,534,
Lachlan,NSW,42.5,"2,188",77.1,"3,933",8.2,126,25.1,383,
Lake Macquaire,NSW,30.7,"48,687",64.4,"101,314",7.5,"3,120",23.6,"9,956",
Lane Cove,NSW,14.9,"4,116",50.6,"14,177",4.8,313,20.5,"1,322",
Leeton,NSW,40.1,"3,313",74.1,"6,046",8.8,235,25.2,685,
Leichhardt,NSW,17.7,"8,137",53.9,"24,960",5.2,483,20.4,"1,779",
Lismore,NSW,34.4,"11,900",67.8,"23,079",7.6,717,23.1,"2,247",
Lithgow,NSW,38.2,"6,414",72.1,"11,897",8.8,382,25.4,"1,128",
Liverpool,NSW,30.2,"43,613",66.8,"96,927",10.4,"4,997",27.8,"13,399",
Liverpool Plains,NSW,41.5,"2,557",75.3,"4,573",8.4,135,25.4,416,
Lockhart,NSW,40.7,914,75.8,"1,669",7.9,58,24.1,180,
Maitland,NSW,37,"20,664",70.4,"39,234",8,"1,424",23.5,"4,210",
Manly,NSW,17.1,"5,901",51.8,"18,154",4.6,393,19.7,"1,636",
Marrickville,NSW,20.7,"13,388",57.5,"38,101",6.3,735,23.8,"2,658",
Mid-Western Regional,NSW,36.6,"6,774",70.8,"12,927",8,430,22.8,"1,246",
Moree Plains,NSW,40.8,"4,159",73,"7,425",10.3,345,26.8,894,
Mosman,NSW,15.2,"3,631",50.3,"12,018",4.1,237,17.9,"1,070",
Murray,NSW,37.7,"2,281",72.4,"4,289",9.2,130,25.1,363,
Murrumbidgee,NSW,42.2,735,77.3,"1,330",8,46,25.1,148,
Muswellbrook,NSW,38.8,"4,602",72.7,"8,613",8.8,361,24.5,"1,014",
Nambucca,NSW,36.6,"6,015",69.9,"11,261",8.9,337,24.1,927,
Narrabri,NSW,41.1,"4,103",75.4,"7,460",9.4,308,26.5,873,
Narrandera,NSW,40,"1,759",73.8,"3,212",8.9,126,25.2,365,
Narromine,NSW,40.9,"2,127",74.4,"3,804",8.5,130,25.3,393,
Newcastle,NSW,28.8,"34,891",62.5,"76,084",7.4,"2,188",23.7,"7,019",
North Sydney,NSW,14.7,"8,669",49.9,"30,205",4.4,336,18.7,"1,365",
Oberon,NSW,40.5,"1,672",75.1,"3,038",7.6,84,25,280,
Orange,NSW,37.8,"11,260",71.1,"21,116",8.2,781,24.4,"2,326",
Palerang,NSW,32.2,"3,852",66.7,"7,840",5.8,214,21.2,799,
Parkes,NSW,38.7,"4,371",72.1,"8,080",9,336,25.1,951,
Parramatta,NSW,25.5,"35,326",61.6,"86,848",8.6,"3,216",26.1,"9,547",
Penrith,NSW,32.8,"47,178",69.8,"100,629",8.6,"3,727",26,"11,150",
Pittwater,NSW,21.5,"10,950",57.8,"28,992",4.7,620,19.7,"2,626",
Port Macquarie-Hastings,NSW,34.2,"21,885",67.6,"42,573",7.3,"1,138",21.7,"3,464",
Port Stephens,NSW,34.3,"18,989",67.8,"36,917",7.9,"1,176",22.5,"3,418",
Queanbeyan,NSW,32.5,"10,001",66.7,"20,504",6.6,557,23.4,"1,985",
Randwick,NSW,21.7,"23,438",56.8,"62,562",7.8,"1,736",23.7,"5,158",
Richmond Valley,NSW,39.6,"7,141",72.5,"12,935",9.4,485,25,"1,304",
Rockdale,NSW,23.6,"19,657",59.7,"50,656",7.2,"1,397",24.2,"4,611",
Ryde,NSW,19.2,"17,061",54.5,"48,996",5.9,"1,138",22.4,"4,293",
Shellharbour,NSW,32.8,"17,118",66,"34,155",8.6,"1,378",24.2,"3,953",
Shoalhaven,NSW,35.1,"28,471",68.7,"54,803",8.5,"1,660",23.4,"4,661",
Singleton,NSW,36.6,"6,248",69.4,"11,861",7.2,407,23,"1,311",
Snowy River,NSW,36.7,"2,225",72,"4,256",7.2,119,22.8,388,
Strathfield,NSW,18.2,"5,373",54.3,"16,502",7.3,467,25,"1,597",
Sutherland Shire,NSW,25.7,"45,049",62.8,"109,995",5.7,"2,519",22.2,"9,903",
Sydney,NSW,17,"27,244",51.6,"86,542",6.4,892,23.2,"2,993",
Tamworth Regional,NSW,39.3,"17,854",72.3,"32,556",8.4,"1,177",24.2,"3,441",
Temora,NSW,40.5,"1,870",74.4,"3,377",8.1,106,25.6,343,
Tenterfield,NSW,40.5,"2,348",73.2,"4,142",8.6,118,25.4,351,
The Hills Shire,NSW,23.4,"33,823",60.1,"86,158",5.9,"2,483",22.2,"9,556",
Tumbarumba,NSW,39.1,"1,092",73.9,"2,024",7.8,58,25.1,193,
Tumut Shire,NSW,39.3,"3,434",73.6,"6,365",8.4,217,24.8,648,
Tweed,NSW,34.2,"25,267",67.8,"49,555",7.9,"1,458",23.2,"4,343",
Upper Hunter Shire,NSW,38.6,"4,172",72.6,"7,803",7.7,261,23.3,804,
Upper Lachlan Shire,NSW,37.3,"2,396",72,"4,511",6.6,113,21.9,384,
Uralla,NSW,37.5,"1,905",71.9,"3,567",7.2,108,22.6,346,
Urana,NSW,37.2,359,71.3,678,7.3,17,24,58,
Wagga Wagga,NSW,37.8,"16,991",71.1,"31,935",7.9,"1,112",23.6,"3,340",
Wakool,NSW,37.9,"1,294",72.6,"2,428",9.3,75,25.6,212,
Walcha,NSW,37,919,72.9,"1,778",6.2,41,22.1,147,
Walgett,NSW,,,,,,,,,
Warren,NSW,42.1,899,76.6,"1,624",8.5,56,25.5,166,
Warringah,NSW,22.8,"27,061",59,"70,250",5.3,"1,709",21.5,"6,903",
Warrumbungle Shire,NSW,40.3,"3,067",73.8,"5,536",8.4,189,24.8,566,
Waverley,NSW,16.8,"9,252",52.2,"29,631",5.1,560,20.1,"2,135",
Weddin,NSW,40,"1,180",74.7,"2,173",7.9,66,25.1,214,
Wellington,NSW,43.9,"2,855",76.8,"4,917",10.2,213,26.2,557,
Wentworth,NSW,39.2,"2,091",73.9,"3,878",9.8,143,28,414,
Willoughby,NSW,14.4,"8,261",49.9,"28,832",4.8,708,21.1,"3,087",
Wingecarribee,NSW,31.3,"11,992",65.3,"24,558",6.5,655,22.1,"2,266",
Wollondilly,NSW,31,"11,199",68.2,"24,384",7.2,806,23.3,"2,641",
Wollongong,NSW,29.3,"46,246",62.5,"98,558",7.7,"3,221",24,"10,133",
Woollahra,NSW,15.1,"7,022",50.8,"24,056",4.5,400,19,"1,651",
Wyoong,NSW,34.1,"41,808",70.4,"85,949",8.7,"2,939",23.9,"8,095",
Yass Valley,NSW,32.7,"4,140",67.4,"8,370",6.1,239,21.9,874,
Young,NSW,36.7,"3,574",70.3,"6,740",7.7,231,23.6,718,
Alice Springs,NT,34.3,"6,785",67.3,"13,278",7.2,457,28.4,"1,789",
Barkly,NT,,,,,,,,,
Belyuen,NT,,,,,,,,,
Central Desert,NT,,,,,,,,,
Coomalie,NT,,,,,,,,,
Darwin,NT,25.7,"15,671",62.2,"38,045",5.9,911,26.2,"4,036",
East Arnhem,NT,,,,,,,,,
Katherine,NT,43.3,"3,229",77.8,"5,787",9.4,252,27.8,727,
Litchfield,NT,30.7,"5,477",68.8,"12,026",7.8,368,27.2,"1,316",
MacDonnell,NT,,,,,,,,,
Palmerston,NT,32.2,"7,157",69.6,"15,793",7.2,645,25.5,"2,225",
Roper Gulf,NT,,,,,,,,,
Tiwi Islands,NT,,,,,,,,,
Victoria-Daly,NT,,,,,,,,,
Wagait,NT,,,,,,,,,
West Arnhem,NT,,,,,,,,,
Break O'Day,TAS,35.8,"1,938",69.7,"3,685",7.7,88,28,327,
Brighton,TAS,34.8,"3,959",70.8,"7,953",9.9,389,30.1,"1,166",
Burnie,TAS,34.3,"5,375",67.4,"10,429",7.9,313,28.1,"1,135",
Central Coast,TAS,32.9,"5,964",66.5,"11,879",7.1,309,26.9,"1,198",
Central Highlands,TAS,40,777,74.8,"1,417",8.3,38,28,131,
Circular Head,TAS,35.8,"2,273",69,"4,317",7.2,134,27.6,529,
Clarence,TAS,28.1,"11,802",64.5,"26,910",6.6,710,27.2,"2,861",
Derwent Valley,TAS,36,"2,770",72,"5,469",8.7,182,27.8,573,
Devonport,TAS,34.1,"6,814",67.5,"13,367",7.6,386,28.5,"1,471",
Dorset,TAS,35.8,"2,135",69.6,"4,058",7.7,97,28,361,
Flinders,TAS,,,,,,,,,
George Town,TAS,35.8,"2,077",69.7,"3,948",7.7,95,28,351,
Glamorgan/Spring Bay,TAS,33.8,"1,416",67.9,"2,750",6.6,36,22,126,
Glenorchy,TAS,33,"11,436",68.3,"23,695",8.1,725,30.8,"2,706",
Hobart,TAS,19.2,"7,626",56.1,"22,218",4.6,347,24.9,"1,868",
Huon Valley,TAS,35.4,"4,766",69.2,"9,107",7.3,240,26.5,881,
Kentish,TAS,34.3,"1,839",68,"3,575",7.7,103,27,366,
King Island,TAS,,,,,,,,,
Kingborough,TAS,26.7,"7,300",63.8,"17,241",5.5,430,24.8,"1,925",
Latrobe,TAS,32.3,"2,900",66.3,"5,835",6.9,138,26,530,
Launceston ,TAS,32.9,"16,866",65.7,"33,571",7.2,906,27.4,"3,464",
Meander Valley,TAS,33.9,"5,488",68.2,"10,818",6.4,237,26.8,"1,032",
Northern Midlands,TAS,33.6,"3,475",67.4,"6,829",6.2,152,26.3,652,
Sorell,TAS,30.4,"3,294",67,"7,159",7,201,26.8,758,
Southern Midlands,TAS,40,"2,079",74.8,"3,794",8.3,102,28,352,
Tasman,TAS,33.3,714,69.5,"1,447",7.3,29,28.7,120,
Waratah/Wynyard,TAS,34.3,"3,844",67.5,"7,448",7.6,219,27.5,804,
West Coast,TAS,38.2,"1,376",72.2,"2,571",9.1,75,32,266,
West Tamar,TAS,31.1,"5,822",65.2,"12,016",5.8,271,25.3,"1,226",
Aurukun,QLD,,,,,,,,,
Balonne,QLD,39.5,"1,430",72,"2,577",7.7,91,26.9,311,
Banana,QLD,35.7,"3,827",69.2,"7,443",7.1,259,25.7,919,
Barcaldine,QLD,,,,,,,,,
Barcoo,QLD,,,,,,,,,
Blackall Tambo,QLD,,,,,,,,,
Boulia,QLD,,,,,,,,,
Brisbane,QLD,23.8,"201,250",58.8,"501,584",6.7,"14,050",25.7,"53,106",
Bulloo,QLD,,,,,,,,,
Bundaberg,QLD,35.7,"26,962",67.5,"50,253",8.5,"1,613",24.9,"4,744",
Burdekin,QLD,35.3,"4,823",67.4,"9,118",7.4,277,25.5,969,
Burke,QLD,,,,,,,,,
Cairns,QLD,30.6,"38,387",62.3,"77,739",8.2,"3,141",25.2,"9,597",
Carpentaria,QLD,,,,,,,,,
Cassowary Coast,QLD,37.8,"8,588",70.4,"15,769",8.4,485,26.9,"1,556",
Central Highlands,QLD,36.8,"7,786",69.7,"14,839",8.4,609,26.1,"1,842",
Charters Towers,QLD,37.7,"3,476",69.7,"6,355",8.9,238,27.2,726,
Cherbourg ,QLD,41.5,430,73.8,748,10.2,27,28.1,75,
Cloncurry,QLD,,,,,,,,,
Cook,QLD,,,,,,,,,
Croydon,QLD,,,,,,,,,
Diamantina,QLD,,,,,,,,,
Doomadgee,QLD,,,,,,,,,
Etheridge,QLD,,,,,,,,,
Flinders,QLD,,,,,,,,,
Fraser Coast,QLD,35.8,"29,651",67.8,"55,100",9.2,"1,877",24.9,"5,122",
Gladstone,QLD,34.4,"16,566",67.6,"32,567",7.6,"1,187",24.4,"3,760",
Gold Coast,QLD,28.3,"119,742",60.5,"256,262",7.7,"8,261",25.9,"27,619",
Goondiwindi ,QLD,39.5,"3,220",72,"5,805",7.7,204,26.9,701,
Gympie,QLD,36.2,"14,061",68,"25,952",8.7,914,25.4,"2,658",
Hinchinbrook,QLD,37.7,"3,304",69.7,"6,041",8.9,226,27.2,690,
Hope Vale,QLD,,,,,,,,,
Ispwich,QLD,35.3,"46,167",71.2,"93,453",10.1,"4,714",29,"13,294",
Isaac,QLD,37.4,"5,603",72.1,"10,955",8,459,25.2,"1,371",
Kowanyama,QLD,,,,,,,,,
Lockhart River,QLD,,,,,,,,,
Lockyer Valley,QLD,35.7,"10,192",68.9,"19,489",9.1,804,25.8,"2,279",
Logan,QLD,33.5,"72,861",68.8,"149,209",10,"7,233",30,"21,439",
Longreach,QLD,,,,,,,,,
Mackay,QLD,34,"30,815",65.8,"59,523",7.2,"1,982",25.2,"6,813",
McKinlay,QLD,,,,,,,,,
Mapoon,QLD,,,,,,,,,
Maranoa,QLD,39.1,"3,883",71.9,"7,148",7.3,231,25.1,768,
Moreton Bay ,QLD,31.9,"99,511",67.3,"208,138",8.4,"8,029",26.6,"25,338",
Mornington,QLD,,,,,,,,,
Mount Isa,QLD,35.6,"5,151",68.4,"10,031",9.3,479,27.7,"1,387",
Murweh,QLD,,,,,,,,,
Napranum,QLD,,,,,,,,,
North Burnett,QLD,38.6,"3,326",71.4,"6,016",8.6,179,27.6,577,
Northern Peninsula Area,QLD,,,,,,,,,
Palm Island,QLD,37.7,668,69.7,"1,221",8.9,46,27.2,139,
Paroo,QLD,,,,,,,,,
Pormpuraaw,QLD,,,,,,,,,
Quilpie,QLD,,,,,,,,,
Redland,QLD,30,"34,150",65.4,"73,437",7,"2,243",25.5,"8,199",
Richmond ,QLD,,,,,,,,,
Rockhampton,QLD,35.6,"31,246",67.8,"59,326",8.7,"2,281",26.4,"6,851",
Scenic Rim,QLD,33.4,"10,199",67.5,"20,238",8,676,25,"2,120",
Somerset,QLD,32.3,"5,986",67.2,"12,168",9.5,498,25.5,"1,343",
South Burnett,QLD,38.6,"9,799",70.8,"17,664",9.1,660,26.4,"1,908",
Southern Downs,QLD,35.3,"9,903",67.3,"18,576",8,615,25.7,"1,987",
Sunshine Coast,QLD,28.8,"78,304",61.2,"164,413",6.8,"4,599",23.2,"15,901",
Tablelands,QLD,34.2,"10,913",66.4,"20,817",8.1,742,25.5,"2,335",
Toowoomba,QLD,36.3,"43,237",68.5,"81,231",7.6,"2,744",24.8,"8,912",
Torres,QLD,,,,,,,,,
Torres Strait Island,QLD,,,,,,,,,
Townsville,QLD,31.3,"42,888",64.1,"87,979",8.3,"3,509",25.7,"10,711",
Weipa,QLD,,,,,,,,,
Western Downs,QLD,39.3,"9,504",72,"17,347",7.4,584,25.6,"1,979",
Whitsunday,QLD,34,"8,502",66.3,"16,499",8.1,519,24.8,"1,583",
Winton ,QLD,,,,,,,,,
Woorabinda,QLD,,,,,,,,,
Wujal Wujal,QLD,,,,,,,,,
Yarrabah ,QLD,38.4,714,70.4,"1,298",9.8,55,29.1,163,
Adeliade,SA,18.2,"3,071",51.3,"8,881",5.5,70,18.8,227,
Adeliade Hills,SA,23.6,"7,675",60.9,"19,289",4.5,370,20.9,"1,751",
Alexandrina,SA,34.1,"6,933",68.4,"13,608",6.3,283,21.6,958,
Anangu Pitjantjatjara,SA,,,,,,,,,
Barossa,SA,33,"5,589",67.6,"11,309",5,248,21.3,"1,040",
Barunga West,SA,39.3,737,74.1,"1,367",7.1,37,23.7,121,
Berri and Barmera,SA,36.2,"2,756",68.6,"5,168",7.5,167,23.7,527,
Burnside,SA,17.3,"6,390",53.8,"19,602",3.5,268,19.6,"1,559",
Campbelltown,SA,25.9,"10,742",61.5,"25,553",5.3,468,23.6,"2,134",
Ceduna,SA,,,,,,,,,
Charles Sturt,SA,27.5,"25,226",63.5,"58,428",6.1,"1,136",24.9,"4,657",
Clare and Gilbert valleys,SA,35.4,"2,362",69.7,"4,564",5.7,114,21.2,412,
Cleve,SA,35.9,467,70.7,909,5.9,21,23,78,
Coober Pedy,SA,,,,,,,,,
Copper Coast ,SA,33.5,"3,678",66.9,"7,239",7.2,188,22.4,569,
Elliston,SA,,,,,,,,,
Flinders Rangers,SA,37.4,462,72.1,879,7.6,27,25.8,87,
Franklin Harbour,SA,35.9,342,70.7,666,5.9,15,23,57,
Gawler,SA,34.6,"6,136",71.4,"12,582",6.7,294,22.3,992,
Goyder,SA,39.5,"1,245",74.4,"2,303",6.7,57,22.9,195,
Grant,SA,40.9,"2,424",74.9,"4,368",8.7,148,26.5,443,
Holdfast Bay,SA,23.7,"7,329",59.5,"18,284",4.3,219,21,"1,089",
Kangaroo Island,SA,36.6,"1,324",70.4,"2,483",6.8,57,22.3,186,
Karoonda East Murray,SA,38.7,301,73,558,6.6,14,25.1,51,
Kimba,SA,35.9,292,70.7,569,5.9,13,23,49,
Kingston,SA,36.2,632,70.5,"1,216",5.4,25,23.7,108,
Light,SA,36.3,"3,951",72.8,"7,804",6.4,212,23,762,
Lower Eyre Peninsula,SA,,,,,,,,,
Loxton Waikerie,SA,39.1,"3,327",72.7,"6,070",7.2,156,23.9,525,
Mallala,SA,35.3,"2,401",71.3,"4,759",7,142,23.6,476,
Maralinga Tjarutja,SA,,,,,,,,,
Marion,SA,27.2,"19,327",63.4,"45,137",5.6,813,24.1,"3,477",
Mid Murray,SA,39.2,"2,574",73.7,"4,709",7,101,23.7,343,
Mitcham,SA,22.1,"11,620",58.6,"30,613",4.3,520,21.7,"2,629",
Mount Barker,SA,31.1,"7,761",67.8,"16,746",5.7,411,21.5,"1,546",
Mount Gambier,SA,36.7,"6,880",69.5,"12,974",6.9,387,23.3,"1,293",
Mount Remarkable,SA,37.9,846,72.5,"1,578",6.9,34,24.4,119,
Murray Bridge,SA,36.9,"5,572",69.4,"10,427",7.8,326,24.6,995,
Naracoorte and Lucindale,SA,32.9,"2,029",66.9,"4,104",5.5,90,22.7,362,
Northern Areas,SA,38.8,"1,336",73.7,"2,497",6.5,55,23.9,204,
Norwood Payneham St Peters,SA,21.8,"6,478",57.8,"17,367",4.8,254,22.4,"1,180",
Onkaparinga,SA,31.9,"42,297",68.1,"89,622",6.7,"2,224",23.7,"7,911",
Orroroo/Carrieton,SA,,,,,,,,,
Peterborough,SA,37.9,509,72.4,950,6.9,20,24.4,71,
Playford,SA,37.8,"23,614",73.6,"46,230",9.9,"2,001",26.1,"5,165",
Port Adeliade Enfield,SA,29.5,"28,003",64.7,"61,880",8.2,"1,766",27,"5,747",
Port Augusta,SA,37.4,"3,807",72.1,"7,248",7.6,219,25.8,721,
Port Lincoln,SA,34.4,"3,599",68,"7,080",6.4,200,23.4,720,
Port Pirie City and Dists,SA,38.3,"4,907",71.4,"9,062",8,288,25.6,909,
Prospect,SA,22.4,"3,771",58.9,"9,950",4.6,170,21.9,799,
Renmark Paringa,SA,35,"2,420",67.9,"4,677",7.1,122,23.8,409,
Robe,SA,36.2,388,70.5,747,5.4,15,23.7,66,
Roxby Downs,SA,29,796,67.6,"1,937",6.7,56,21.8,165,
Salisbury,SA,33.6,"35,081",69.5,"72,689",8.1,"2,200",25.6,"6,932",
Southern Mallee,SA,38.6,603,72.9,"1,117",6.6,28,25.2,104,
Streaky Bay ,SA,,,,,,,,,
Tatiara,SA,36.2,"1,817",70.5,"3,498",5.4,71,23.7,310,
Tea Tree Gully,SA,29.2,"23,242",65.9,"51,880",5.4,977,22.9,"4,189",
The Coorong,SA,38.6,"1,589",72.9,"2,946",6.6,73,25.2,273,
Tumby Bay,SA,,,,,,,,,
Unley,SA,19.9,"6,115",56.3,"17,282",4.2,280,20.9,"1,376",
Victor Harbor,SA,32.1,"4,000",66,"8,078",6.3,130,20.4,418,
Wakefield,SA,39.4,"2,000",74.2,"3,705",7.2,100,23.7,328,
Walkerville,SA,22.4,"1,323",58.9,"3,491",4.6,60,21.9,280,
Wattle Range,SA,36.3,"3,126",70.7,"5,988",6.8,157,23.9,548,
West Torrens,SA,26.2,"12,170",61.6,"29,018",5.6,495,25,"2,158",
Whyalla,SA,37.6,"6,141",70.7,"11,509",8.2,380,25.3,"1,147",
Wundinna,SA,,,,,,,,,
Yankalilla,SA,32.1,"1,269",66,"2,562",6.3,41,20.4,133,
Yorke Peninsula,SA,38.6,"3,477",73.5,"6,473",6.8,120,23.7,414,
Alpine,VIC,34.1,"3,250",70.2,"6,517",6.1,142,28.2,685,
Ararat,VIC,32.6,"2,841",68.4,"5,851",7.4,157,28.6,619,
Ballarat,VIC,33.8,"24,661",69.4,"50,387",8.1,"1,804",29.3,"6,584",
Banyule,VIC,22.9,"22,329",61.5,"59,897",6.1,"1,401",28,"6,365",
Bass Coast,VIC,31,"7,917",66.9,"16,816",7.6,477,27.3,"1,710",
Baw Baw,VIC,32.7,"11,589",67.8,"23,591",7.5,795,27.5,"2,932",
Bayside,VIC,17.7,"14,084",56,"43,822",4.8,984,25.3,"5,326",
Benalla,VIC,31.2,"3,377",67,"7,090",6.8,184,28.3,789,
Boroondara,VIC,14.5,"19,341",53.1,"70,726",4.5,"1,428",24.4,"7,956",
Brimbank,VIC,27.4,"41,169",64.9,"97,795",10,"3,796",34.4,"13,162",
Buloke,VIC,32.4,"1,574",68.1,"3,253",6.3,79,28.5,367,
Campaspe,VIC,33,"9,233",68.4,"18,826",7.5,621,28.9,"2,458",
Cardinia,VIC,32.4,"20,891",71.2,"45,888",8.7,"1,843",28.2,"5,953",
Casey,VIC,32.2,"66,641",70.5,"146,362",9.3,"6,217",31.6,"21,260",
Central Goldfields,VIC,36.1,"3,664",71.3,"7,108",9,225,30.7,786,
Colac-Otway,VIC,31.3,"4,914",66.8,"10,327",6.6,270,29.1,"1,220",
Corangamite,VIC,33.3,"4,065",69.9,"8,384",6.5,240,30.2,"1,132",
Darebin,VIC,23.9,"27,277",61.9,"71,966",7.6,"1,761",31.1,"7,087",
East Gippsland,VIC,33.9,"12,064",69.4,"24,136",8.8,777,30,"2,692",
Frankston ,VIC,30.8,"31,999",68.8,"71,178",8.1,"2,123",29.4,"7,714",
Gannawarra,VIC,32.4,"2,556",68.1,"5,284",6.3,128,28.5,596,
Glen Eira,VIC,18.6,"20,475",56.9,"63,254",5.5,"1,481",26.7,"7,159",
Glenelg,VIC,32.5,"4,911",69,"10,219",7.1,281,27.9,"1,151",
Golden Plains,VIC,35.4,"5,298",71.9,"10,538",7.3,380,27.8,"1,486",
Greater Bendigo,VIC,34.2,"27,048",69.6,"54,666",7.8,"1,894",28.7,"7,027",
Greater Dandenong,VIC,26.3,"29,815",63.2,"72,271",10.6,"2,942",37,"10,301",
Greater Geelong,VIC,29.2,"49,703",64.6,"108,957",7.8,"3,719",28.6,"13,756",
Greater Shepparton,VIC,34.4,"15,664",68.8,"30,998",8,"1,219",30.5,"4,722",
Hepburn,VIC,33.3,"4,052",69.3,"8,201",7.3,213,30.4,875,
Hindmarsh,VIC,33,"1,450",69.7,"3,000",6.2,68,29.3,335,
Hobsons Bay,VIC,24.9,"17,759",63.6,"45,532",7.3,"1,222",29.3,"4,797",
Horsham,VIC,32.2,"4,760",66.7,"9,765",6.3,275,28.4,"1,253",
Hume,VIC,33.3,"45,804",71.1,"97,983",10.5,"4,632",32.7,"14,463",
Indigo,VIC,32.7,"3,976",69.4,"8,207",6,205,25.8,906,
Kingston,VIC,24.8,"30,034",63.3,"76,636",6.4,"1,739",28.4,"7,770",
Knox,VIC,24.5,"29,791",62.9,"75,764",6.2,"1,814",28.3,"8,368",
Latrobe,VIC,33.8,"18,529",68.9,"37,386",8.7,"1,395",29.7,"4,775",
Loddon,VIC,34.8,"2,133",70.3,"4,198",7.7,106,31.4,444,
Macedon Ranges,VIC,29.6,"10,341",67.9,"23,177",6.4,654,26.6,"2,767",
Manningham,VIC,19.1,"18,449",57.4,"54,993",5,"1,036",26.3,"5,598",
Mansfield,VIC,33.9,"2,122",69.1,"4,195",6.6,115,25.1,436,
Maribyrnong,VIC,21.9,"13,506",60,"38,073",8.3,"1,059",31.2,"3,836",
Maroondah,VIC,26.3,"22,417",64.6,"55,039",6.4,"1,371",28.9,"6,188",
Melbourne,VIC,15.3,"13,932",48.8,"46,716",7.6,594,27.7,"2,066",
Melton,VIC,35.6,"32,248",74.3,"67,725",9.8,"3,135",30.4,"9,651",
Mildura,VIC,35.6,"13,782",70,"26,828",9.7,"1,218",30.6,"3,939",
Mitchell,VIC,33.6,"9,538",70.3,"19,635",8.6,749,28.3,"2,497",
Moira,VIC,34.6,"7,695",70.2,"15,362",7.8,496,30,"1,923",
Monash,VIC,19.7,"28,286",57.1,"82,567",6.1,"1,873",28,"8,660",
Moonee Valley,VIC,24.4,"22,478",63,"58,570",7.3,"1,498",28.4,"5,869",
Moorabool,VIC,35.1,"8,379",73,"17,159",7.9,572,28,"2,025",
Moreland,VIC,24.2,"30,048",62.4,"79,534",7.9,"2,060",30.8,"7,932",
Mornington Peninsula ,VIC,27.4,"34,178",65.5,"80,685",6.7,"1,949",27,"8,020",
Mount Alexander,VIC,32.1,"4,756",67.8,"9,755",7.2,236,28.2,951,
Moyne,VIC,34.3,"4,068",71.8,"8,365",6.3,250,28.5,"1,151",
Murrindindi,VIC,32.7,"3,602",69.8,"7,546",7.7,215,28,798,
Nillumbik,VIC,22.8,"11,192",62.1,"29,716",5.1,688,26.6,"3,722",
Northern Grampians,VIC,33.5,"2,995",68.8,"6,036",8.1,184,29.2,695,
Port Phillip,VIC,17.4,"14,737",54.4,"47,427",5.5,594,26.6,"2,805",
Pyrenees,VIC,35.6,"2,002",71.8,"3,920",8.1,104,29.4,387,
Queenscliffe,VIC,26.5,681,63,"1,588",5.5,43,23.9,187,
South Gippsland,VIC,31.2,"6,745",67.4,"14,260",6.6,404,27.3,"1,717",
Southern Grampians,VIC,29.3,"3,543",65.3,"7,753",5.5,189,27.2,961,
Stonnington,VIC,15.5,"13,055",53.3,"46,063",4.8,642,25,"3,346",
Strathbogie,VIC,35.1,"2,854",70.7,"5,644",7,120,27.7,483,
Surf Coast,VIC,27.3,"5,932",63.6,"13,584",6,438,25.2,"1,869",
Swan Hill,VIC,33,"4,907",68,"10,031",8.2,396,31.2,"1,528",
Towong,VIC,32.9,"1,548",69.2,"3,164",5.9,70,27.4,338,
Wangaratta,VIC,32.6,"6,810",67.7,"13,918",6.5,381,27.3,"1,642",
Warrnambool,VIC,32.5,"7,951",68.1,"16,532",7.3,549,27.3,"2,113",
Wellington,VIC,34.8,"10,973",70,"21,678",7.7,713,28.3,"2,672",
West Wimmera,VIC,33,"1,063",69.7,"2,199",6.2,50,29.3,246,
Whitehorse,VIC,19.5,"24,759",57.3,"73,029",5.9,"1,698",27.9,"8,071",
Whittlesea,VIC,30.8,"43,270",69.4,"98,173",9.2,"3,825",29.9,"12,319",
Wodonga,VIC,34.8,"9,255",70,"18,545",7.7,725,27,"2,551",
Wyndham,VIC,31.5,"44,346",70.3,"100,879",9.5,"4,640",31.9,"15,178",
Yarra,VIC,16.3,"11,186",53.7,"38,365",6,550,28.3,"2,524",
Yarra Ranges,VIC,27.1,"31,775",65.6,"75,717",6.7,"2,037",27.7,"8,604",
Yarriambiack,VIC,33,"1,773",69.7,"3,668",6.2,84,29.3,410,
Albany,WA,27.7,"8,272",61,"17,969",5.8,544,23,"2,204",
Armadale,WA,28.7,"16,441",65.8,"38,008",7.7,"1,350",26.2,"4,525",
Ashburton,WA,,,,,,,,,
Augusta-Margaret River,WA,25.9,"2,885",59.7,"6,575",4.9,170,21.3,749,
Bassendean,WA,23.7,"2,948",61,"7,641",5.7,161,24.6,673,
Bayswater,WA,21.3,"11,643",57.8,"31,963",5.5,630,25.2,"2,782",
Belmont,WA,23.2,"7,255",59.2,"18,944",6.7,428,29.3,"1,824",
Beverley,WA,33.8,467,67.7,916,6.7,27,25.2,104,
Boddington,WA,30.1,555,64.7,"1,170",5.5,26,24.4,115,
Boyup Brook,WA,31.2,464,65.7,949,5.6,23,24,102,
Bridgetown-Greenbushes,WA,31.2,"1,263",65.7,"2,583",5.6,63,24,279,
Brookton,WA,,,,,,,,,
Broome,WA,30.1,"3,104",62.2,"6,443",7.7,310,25.8,"1,054",
Broomehill-Tambellup,WA,28.9,262,64.8,581,4.6,14,26.3,80,
Bruce Rock,WA,,,,,,,,,
Bunbury,WA,29,"7,856",61.2,"16,470",6.4,476,23.8,"1,772",
Busselton,WA,27.8,"8,116",61.3,"17,646",5.4,520,21.7,"2,138",
Cambridge,WA,14.4,"3,091",50.1,"10,775",3.8,213,20.6,"1,173",
Canning,WA,19.9,"14,602",55.4,"41,095",5.6,958,27.8,"4,755",
Capel,WA,29.9,"3,753",63.4,"7,868",6.3,360,23.4,"1,393",
Carnamah,WA,,,,,,,,,
Carnarvon,WA,27.9,"1,256",61.5,"2,738",7.2,102,27.4,391,
Chapman Valley,WA,30.7,313,65.1,650,6.2,20,23.1,77,
Chittering,WA,31.8,"1,382",65.9,"2,787",5.9,70,22.7,280,
Claremont,WA,14,"1,121",49.5,"3,956",3.7,66,20,366,
Cockburn,WA,25.5,"20,194",62.2,"49,510",6,"1,326",25.7,"5,546",
Collie,WA,34.3,"2,528",68.9,"4,975",7,159,27.3,638,
Coolgardie,WA,,,,,,,,,
Coorow,WA,31.6,287,66.4,588,6.1,14,23.9,58,
Corrigin,WA,30.2,285,64.1,591,5,12,25.9,60,
Cottesloe,WA,14.3,948,49.8,"3,295",3.7,53,19.7,288,
Cranbrook,WA,28.9,248,64.8,550,4.6,13,26.3,76,
Cuballing,WA,,,,,,,,,
Cue,WA,,,,,,,,,
Cunderdin,WA,31.8,322,66.2,660,5.8,16,25,72,
Dalwallinu,WA,31.1,339,65.6,700,5.5,17,24.1,74,
Dandaragan,WA,31.8,995,65.9,"2,006",5.9,51,22.7,201,
Dardanup,WA,30.7,"3,339",64.7,"6,976",6,229,24,927,
Denmark,WA,28.7,"1,423",62.8,"3,038",5.3,69,22.9,312,
Derby-West Kimberley,WA,,,,,,,,,
Donnybrook-Balingup,WA,31.2,"1,556",65.7,"3,183",5.6,78,24,344,
Dowerin,WA,,,,,,,,,
Dumbleyung,WA,,,,,,,,,
Dundas,WA,,,,,,,,,
East Fremantle,WA,17.4,"1,118",53.8,3447,4.3,52,21.6,256,
East Pilbara,WA,,,,,,,,,
Esperance,WA,26.8,"2,589",59.4,5662,5.9,188,24,786,
Exmouth,WA,,,,,,,,,
Fremantle,WA,19.4,"4,753",55.7,"13,590",4.7,237,22.2,"1,099",
Grealdton-Greenough,WA,30.5,"9,279",63.3,"19,015",6.6,734,24.2,"2,751",
Gingin,WA,31.8,"1,463",65.9,"2,949",5.9,74,22.7,296,
Gnowangerup,WA,28.9,291,64.8,647,4.6,16,26.3,89,
Goomalling,WA,31.1,264,65.6,546,5.5,13,24.1,58,
Gosnells,WA,25.7,"23,032",62.1,"56,114",7,"1,882",27.2,"7,224",
Halls Creek,WA,,,,,,,,,
Harvey,WA,30.8,"6,504",64.6,"13,486",6.1,469,24.7,"1,947",
Irwin,WA,31.6,962,66.4,"1,974",6.1,48,23.9,194,
Jerramungup,WA,28.9,241,64.8,535,4.6,13,26.3,74,
Joondalup,WA,22.4,"29,183",59,"75,941",4.6,"1,564",24.6,"8,400",
Kalamunda,WA,25.3,"11,677",62,"28,450",5.4,683,23.8,"3,014",
Kalgoorlie/Boulder,WA,,,,,,,,,
Katanning,WA,33,"1,121",66.2,"2,208",7,87,31.3,403,
Kellerberrin,WA,31.8,290,66.2,595,5.8,15,25,65,
Kent,WA,,,,,,,,,
Kojonup,WA,28.9,454,64.8,"1,008",4.6,24,26.3,139,
Kondinin,WA,30.1,260,64.7,549,5.5,12,24.4,54,
Koorda,WA,,,,,,,,,
Kulin,WA,,,,,,,,,
Kwinana,WA,30.7,"7,700",68.2,"17,364",8.5,720,27.2,"2,246",
Lake Grace,WA,30.1,340,64.7,717,5.5,16,24.4,71,
Laverton,WA,,,,,,,,,
Leonora,WA,,,,,,,,,
Mandurah,WA,28.4,"18,722",65.1,"42,499",6.7,"1,114",23.6,"3,926",
Manjimup,WA,28.5,"2,255",62.5,"4,826",5.6,135,24.1,615,
Meekatharra,WA,,,,,,,,,
Melville,WA,17.6,"14,775",54.3,"45,389",4.2,793,22.3,"4,272",
Menzies,WA,,,,,,,,,
Merredin,WA,31.8,809,66.2,"1,660",5.8,41,25,180,
Mingenew,WA,,,,,,,,,
Moora,WA,31.1,664,65.6,"1,370",5.5,33,24.1,145,
Morawa,WA,,,,,,,,,
Mosman Park,WA,14.3,"1,072",49.8,"3,724",3.7,60,19.7,325,
Mount Magnet,WA,,,,,,,,,
Mount Marshall,WA,,,,,,,,,
Mukinbudin ,WA,,,,,,,,,
Mullewa,WA,,,,,,,,,
Mundaring,WA,23.7,"7,275",60.5,"18,215",5.6,437,24,"1,912",
Murchison,WA,,,,,,,,,
Murray,WA,28.7,"3,879",65.9,"8,794",6.8,251,22.2,829,
Nannup,WA,28.5,310,62.5,663,5.6,19,24.1,84,
Narembeen,WA,,,,,,,,,
Narrogin (S),WA,,,,,,,,,
Narrogin (T),WA,30.2,948,61.7,"1,919",6.6,78,23.9,280,
Nedlands,WA,12.8,"2,191",48.5,"8,246",3.7,164,20.7,938,
Ngaanyatjarraku,WA,,,,,,,,,
Northam,WA,33.8,"3,148",67.7,"6,181",6.7,180,25.2,704,
Northampton,WA,31.6,861,66.4,"1,767",6.1,43,23.9,174,
nungarin,WA,,,,,,,,,
Peppermint Grove,WA,14.3,191,49.8,662,3.7,11,19.7,58,
Perenjori,WA,,,,,,,,,
Perth,WA,15.5,"2,547",47,"8,075",4.7,61,23.7,289,
Pingelly,WA,30.2,311,64.1,646,5,13,25.9,65,
Plantagenet,WA,28.7,"1,337",62.8,"2,855",5.3,65,22.9,294,
Port Headland,WA,26.2,"2,591",62.2,6256,7.1,254,23.1,813,
Quairading,WA,31.8,257,66.2,527,5.8,13,25,57,
Ravensthorpe,WA,,,,,,,,,
Rockingham,WA,28.3,"25,880",65.4,"60,030",7.1,"2,115",25.9,"7,638",
Roebourne,WA,26.9,"4,093",62.4,"9,640",6.7,382,23.2,"1,308",
Sandstone ,WA,,,,,,,,,
Serpentine-Jarrahdale,WA,26.2,"4,351",64,"10,596",6.1,372,23.4,"1,415",
Shark Bay,WA,,,,,,,,,
South Perth,WA,17,"6,025",52.4,"18,696",4.6,309,22,"1,441",
Stirling,WA,20.6,"35,797",56.9,"100,218",5.4,"2,079",24.9,"9,320",
Subiaco,WA,15.1,"2,318",49.9,"7,733",4.3,143,21.6,708,
Swan,WA,27.1,"26,059",64.2,"61,866",6.7,"1,993",25.5,"7,576",
Tammin,WA,,,,,,,,,
Three Springs,WA,,,,,,,,,
Toodyay,WA,31.1,"1,175",65.6,"2,426",5.5,58,24.1,256,
Trayning,WA,,,,,,,,,
Upper Gascoyne,WA,,,,,,,,,
Victoria Park,WA,20.2,"5,885",55.9,"16,794",5.6,293,26.7,"1,319",
Victoria Plains,WA,,,,,,,,,
Vincent,WA,17.2,"4,827",51.9,"15,052",4.7,229,22.4,"1,056",
Wagin,WA,30.1,461,64.7,973,5.5,22,24.4,96,
Wandering,WA,,,,,,,,,
Wanneroo,WA,29.1,"38,077",65.2,"86,030",7.2,"3,291",28,"12,582",
Waroona,WA,33,"1,061",66.8,"2,111",6.5,65,24.8,255,
West Arthur,WA,,,,,,,,,
Westonia,WA,,,,,,,,,
Wickepin,WA,,,,,,,,,
Williams,WA,,,,,,,,,
Wiluna,WA,,,,,,,,,
Wongan-Ballidu,WA,31.1,384,65.6,793,5.5,19,24.1,84,
Woodanilling,WA,,,,,,,,,
Wyalkatchem,WA,,,,,,,,,
Wyndham-East Kimberley ,WA,,,,,,,,,
Yalgoo,WA,,,,,,,,,
Yilgarn,WA,31.8,403,66.2,827,5.8,20,25,90,
York ,WA,33.8,"1,012",67.7,"1,987",6.7,58,25.2,226,